campus,year,group,c150_pct,d150,ret_ft4_pct,pctpell,ftftpctpell,ugds
Berkeley,1996,__campus__,,,,,,21226
Davis,1996,__campus__,,,,,,18738
Irvine,1996,__campus__,,,,,,14240
Los Angeles,1996,__campus__,,,,,,23912
Riverside,1996,__campus__,,,,,,7665
San Diego,1996,__campus__,,,,,,14595
Santa Barbara,1996,__campus__,,,,,,16272
Santa Cruz,1996,__campus__,,,,,,9154
Berkeley,1997,overall,80.5,3241,,,,
Berkeley,1997,international,84.8,112,,,,
Berkeley,1997,unknown,84.6,208,,,,
Berkeley,1997,__campus__,,,,,,21618
Davis,1997,overall,73.7,2272,,,,
Davis,1997,international,73.9,23,,,,
Davis,1997,unknown,72.0,107,,,,
Davis,1997,__campus__,,,,,,19002
Irvine,1997,overall,74.7,2323,,,,
Irvine,1997,international,70.6,34,,,,
Irvine,1997,unknown,70.1,127,,,,
Irvine,1997,__campus__,,,,,,14104
Los Angeles,1997,overall,78.8,3922,,,,
Los Angeles,1997,international,83.7,49,,,,
Los Angeles,1997,unknown,75.8,33,,,,
Los Angeles,1997,__campus__,,,,,,23924
Riverside,1997,overall,67.6,1387,,,,
Riverside,1997,international,55.6,18,,,,
Riverside,1997,unknown,63.2,57,,,,
Riverside,1997,__campus__,,,,,,8378
San Diego,1997,overall,78.8,2468,,,,
San Diego,1997,international,62.1,29,,,,
San Diego,1997,unknown,83.4,181,,,,
San Diego,1997,__campus__,,,,,,15103
Santa Barbara,1997,overall,72.5,2967,,,,
Santa Barbara,1997,international,64.5,31,,,,
Santa Barbara,1997,unknown,74.1,174,,,,
Santa Barbara,1997,__campus__,,,,,,16698
Santa Cruz,1997,overall,65.0,1789,,,,
Santa Cruz,1997,international,100.0,13,,,,
Santa Cruz,1997,unknown,70.4,125,,,,
Santa Cruz,1997,__campus__,,,,,,9562
Berkeley,1998,overall,82.8,3455,,,,
Berkeley,1998,international,78.2,87,,,,
Berkeley,1998,unknown,79.5,253,,,,
Berkeley,1998,__campus__,,,,,,22259
Davis,1998,overall,73.4,2872,,,,
Davis,1998,international,57.1,42,,,,
Davis,1998,unknown,74.0,154,,,,
Davis,1998,__campus__,,,,,,19258
Irvine,1998,overall,74.1,2787,,,,
Irvine,1998,international,77.5,49,,,,
Irvine,1998,unknown,78.3,143,,,,
Irvine,1998,__campus__,,,,,,14336
Los Angeles,1998,overall,77.9,3412,,,,
Los Angeles,1998,international,79.6,54,,,,
Los Angeles,1998,unknown,60.5,43,,,,
Los Angeles,1998,__campus__,,,,,,24101
Riverside,1998,overall,67.8,1238,,,,
Riverside,1998,international,50.0,2,,,,
Riverside,1998,unknown,70.8,48,,,,
Riverside,1998,__campus__,,,,,,9125
San Diego,1998,overall,79.8,2612,,,,
San Diego,1998,international,63.6,33,,,,
San Diego,1998,unknown,73.1,186,,,,
San Diego,1998,__campus__,,,,,,15818
Santa Barbara,1998,overall,70.3,3218,,,,
Santa Barbara,1998,international,48.5,33,,,,
Santa Barbara,1998,unknown,75.0,192,,,,
Santa Barbara,1998,__campus__,,,,,,17048
Santa Cruz,1998,__campus__,,,,,,9921
Berkeley,1999,overall,82.3,3233,,,,
Berkeley,1999,international,94.1,68,,,,
Berkeley,1999,unknown,88.6,184,,,,
Berkeley,1999,__campus__,,,,,,22593
Davis,1999,overall,75.5,3095,,,,
Davis,1999,international,37.0,46,,,,
Davis,1999,unknown,77.0,174,,,,
Davis,1999,__campus__,,,,,,19393
Irvine,1999,overall,74.5,2367,,,,
Irvine,1999,international,60.5,38,,,,
Irvine,1999,unknown,68.1,116,,,,
Irvine,1999,__campus__,,,,,,15361
Los Angeles,1999,overall,78.6,3387,,,,
Los Angeles,1999,international,77.4,62,,,,
Los Angeles,1999,unknown,50.0,34,,,,
Los Angeles,1999,__campus__,,,,,,24667
Riverside,1999,overall,66.0,1402,,,,
Riverside,1999,international,25.0,8,,,,
Riverside,1999,unknown,59.6,94,,,,
Riverside,1999,__campus__,,,,,,10118
San Diego,1999,overall,79.1,2450,,,,
San Diego,1999,international,54.5,22,,,,
San Diego,1999,unknown,78.1,237,,,,
San Diego,1999,__campus__,,,,,,16211
Santa Barbara,1999,overall,67.2,3239,,,,
Santa Barbara,1999,international,62.5,40,,,,
Santa Barbara,1999,unknown,64.3,182,,,,
Santa Barbara,1999,__campus__,,,,,,17685
Santa Cruz,1999,overall,67.7,1679,,,,
Santa Cruz,1999,international,55.6,9,,,,
Santa Cruz,1999,unknown,72.9,133,,,,
Santa Cruz,1999,__campus__,,,,,,10228
Berkeley,2000,overall,83.1,3351,,,,
Berkeley,2000,international,88.0,100,,,,
Berkeley,2000,unknown,87.8,180,,,,
Davis,2000,overall,72.2,3178,,,,
Davis,2000,international,41.3,75,,,,
Davis,2000,unknown,80.5,149,,,,
Irvine,2000,overall,72.5,2580,,,,
Irvine,2000,international,72.8,81,,,,
Irvine,2000,unknown,81.4,102,,,,
Los Angeles,2000,overall,79.8,4124,,,,
Los Angeles,2000,international,76.5,68,,,,
Los Angeles,2000,unknown,72.3,47,,,,
Riverside,2000,overall,64.1,1383,,,,
Riverside,2000,international,72.7,11,,,,
Riverside,2000,unknown,57.7,52,,,,
San Diego,2000,overall,77.9,2809,,,,
San Diego,2000,international,66.7,27,,,,
San Diego,2000,unknown,79.7,236,,,,
Santa Barbara,2000,overall,66.8,2881,,,,
Santa Barbara,2000,international,60.5,43,,,,
Santa Barbara,2000,unknown,71.6,155,,,,
Santa Cruz,2000,overall,64.1,1754,,,,
Santa Cruz,2000,international,66.7,15,,,,
Santa Cruz,2000,unknown,64.2,137,,,,
Berkeley,2001,overall,82.3,3424,,,,
Berkeley,2001,international,82.7,104,,,,
Berkeley,2001,unknown,83.4,199,,,,
Berkeley,2001,__campus__,,,,,,23267
Davis,2001,overall,73.7,3260,,,,
Davis,2001,international,27.5,91,,,,
Davis,2001,unknown,72.7,172,,,,
Davis,2001,__campus__,,,,,,21217
Irvine,2001,overall,72.2,2829,,,,
Irvine,2001,international,76.8,95,,,,
Irvine,2001,unknown,71.0,131,,,,
Irvine,2001,__campus__,,,,,,17723
Los Angeles,2001,overall,82.4,3701,,,,
Los Angeles,2001,international,85.3,34,,,,
Los Angeles,2001,unknown,86.8,38,,,,
Los Angeles,2001,__campus__,,,,,,25326
Riverside,2001,overall,63.5,1514,,,,
Riverside,2001,international,75.0,16,,,,
Riverside,2001,unknown,64.2,67,,,,
Riverside,2001,__campus__,,,,,,12714
San Diego,2001,overall,81.9,2993,,,,
San Diego,2001,international,80.0,30,,,,
San Diego,2001,unknown,83.2,292,,,,
San Diego,2001,__campus__,,,,,,17485
Santa Barbara,2001,overall,68.1,3361,,,,
Santa Barbara,2001,international,61.8,34,,,,
Santa Barbara,2001,unknown,63.4,183,,,,
Santa Barbara,2001,__campus__,,,,,,17716
Santa Cruz,2001,overall,63.2,1834,,,,
Santa Cruz,2001,international,46.7,15,,,,
Santa Cruz,2001,unknown,65.0,140,,,,
Santa Cruz,2001,__campus__,,,,,,11997
Berkeley,2002,overall,83.5,3727,,,,
Berkeley,2002,international,82.3,102,,,,
Berkeley,2002,unknown,89.5,258,,,,
Berkeley,2002,__campus__,,,,,,23834
Davis,2002,overall,78.2,3520,,,,
Davis,2002,international,84.2,38,,,,
Davis,2002,unknown,80.0,235,,,,
Davis,2002,__campus__,,,,,,22646
Irvine,2002,overall,76.2,3053,,,,
Irvine,2002,international,78.3,60,,,,
Irvine,2002,unknown,79.0,162,,,,
Irvine,2002,__campus__,,,,,,19179
Los Angeles,2002,overall,84.5,3819,,,,
Los Angeles,2002,international,78.8,52,,,,
Los Angeles,2002,unknown,80.8,52,,,,
Los Angeles,2002,__campus__,,,,,,24899
Riverside,2002,overall,66.2,1416,,,,
Riverside,2002,international,80.0,5,,,,
Riverside,2002,unknown,66.7,60,,,,
Riverside,2002,__campus__,,,,,,14122
San Diego,2002,overall,81.2,2679,,,,
San Diego,2002,international,76.2,21,,,,
San Diego,2002,unknown,82.4,284,,,,
San Diego,2002,__campus__,,,,,,19059
Santa Barbara,2002,overall,71.0,3464,,,,
Santa Barbara,2002,international,81.5,27,,,,
Santa Barbara,2002,unknown,71.9,128,,,,
Santa Barbara,2002,__campus__,,,,,,17705
Santa Cruz,2002,overall,66.8,1970,,,,
Santa Cruz,2002,international,50.0,8,,,,
Santa Cruz,2002,unknown,68.9,196,,,,
Santa Cruz,2002,__campus__,,,,,,12839
Berkeley,2003,overall,85.4,3600,,,,
Berkeley,2003,international,89.5,76,,,,
Berkeley,2003,unknown,87.2,265,,,,
Berkeley,2003,__campus__,,,,,,23205
Davis,2003,overall,81.1,2405,,,,
Davis,2003,international,87.1,31,,,,
Davis,2003,unknown,83.5,158,,,,
Davis,2003,__campus__,,,,,,23360
Irvine,2003,overall,78.7,2639,,,,
Irvine,2003,international,82.9,41,,,,
Irvine,2003,unknown,75.0,152,,,,
Irvine,2003,__campus__,,,,,,19967
Los Angeles,2003,overall,86.7,3811,,,,
Los Angeles,2003,international,79.2,53,,,,
Los Angeles,2003,unknown,78.8,104,,,,
Los Angeles,2003,__campus__,,,,,,25715
Riverside,2003,overall,64.2,2064,,,,
Riverside,2003,international,66.7,21,,,,
Riverside,2003,unknown,65.4,104,,,,
Riverside,2003,__campus__,,,,,,15280
San Diego,2003,overall,82.9,3199,,,,
San Diego,2003,international,92.9,28,,,,
San Diego,2003,unknown,85.9,334,,,,
San Diego,2003,__campus__,,,,,,19837
Santa Barbara,2003,overall,73.6,3716,,,,
Santa Barbara,2003,international,51.3,39,,,,
Santa Barbara,2003,unknown,78.8,99,,,,
Santa Barbara,2003,__campus__,,,,,,17838
Santa Cruz,2003,overall,65.4,2082,,,,
Santa Cruz,2003,international,80.0,10,,,,
Santa Cruz,2003,unknown,64.3,196,,,,
Santa Cruz,2003,__campus__,,,,,,13621
Berkeley,2004,overall,86.6,3745,,,,
Berkeley,2004,international,83.0,88,,,,
Berkeley,2004,unknown,85.1,589,,,,
Berkeley,2004,__campus__,,,96.0,,,22880
Davis,2004,overall,81.5,2464,,,,
Davis,2004,international,89.5,38,,,,
Davis,2004,unknown,74.5,235,,,,
Davis,2004,__campus__,,,91.0,,,23018
Irvine,2004,overall,79.8,2948,,,,
Irvine,2004,international,88.1,42,,,,
Irvine,2004,unknown,78.0,355,,,,
Irvine,2004,__campus__,,,93.0,,,19862
Los Angeles,2004,overall,87.2,4200,,,,
Los Angeles,2004,international,79.0,57,,,,
Los Angeles,2004,unknown,84.6,371,,,,
Los Angeles,2004,__campus__,,,96.0,,,24946
Riverside,2004,overall,64.4,2235,,,,
Riverside,2004,international,66.7,21,,,,
Riverside,2004,unknown,65.0,217,,,,
Riverside,2004,__campus__,,,85.0,,,15089
San Diego,2004,overall,82.7,3319,,,,
San Diego,2004,international,84.2,19,,,,
San Diego,2004,unknown,81.0,600,,,,
San Diego,2004,__campus__,,,93.0,,,20316
Santa Barbara,2004,overall,75.2,3560,,,,
Santa Barbara,2004,international,56.4,39,,,,
Santa Barbara,2004,unknown,75.3,546,,,,
Santa Barbara,2004,__campus__,,,91.0,,,18114
Santa Cruz,2004,overall,69.4,2309,,,,
Santa Cruz,2004,international,69.2,13,,,,
Santa Cruz,2004,unknown,68.3,476,,,,
Santa Cruz,2004,__campus__,,,88.0,,,13647
Berkeley,2005,overall,87.1,3637,,,,
Berkeley,2005,international,92.6,95,,,,
Berkeley,2005,unknown,88.5,358,,,,
Berkeley,2005,__campus__,,,96.0,,,23447
Davis,2005,overall,80.1,3817,,,,
Davis,2005,international,67.7,31,,,,
Davis,2005,unknown,82.0,234,,,,
Davis,2005,__campus__,,,92.0,,,22596
Irvine,2005,overall,80.0,3547,,,,
Irvine,2005,international,78.4,37,,,,
Irvine,2005,unknown,78.5,289,,,,
Irvine,2005,__campus__,,,93.0,,,19930
Los Angeles,2005,overall,87.4,4128,,,,
Los Angeles,2005,international,80.4,56,,,,
Los Angeles,2005,unknown,87.5,296,,,,
Los Angeles,2005,__campus__,,,96.0,,,24811
Riverside,2005,overall,65.3,2652,,,,
Riverside,2005,international,48.5,33,,,,
Riverside,2005,unknown,62.9,124,,,,
Riverside,2005,__campus__,,,86.0,,,14555
San Diego,2005,overall,84.6,3227,,,,
San Diego,2005,international,92.6,27,,,,
San Diego,2005,unknown,87.2,374,,,,
San Diego,2005,__campus__,,,95.0,,,20652
Santa Barbara,2005,overall,78.7,3754,,,,
Santa Barbara,2005,international,70.7,41,,,,
Santa Barbara,2005,unknown,78.8,364,,,,
Santa Barbara,2005,__campus__,,,90.0,,,18044
Santa Cruz,2005,overall,70.1,2350,,,,
Santa Cruz,2005,international,66.7,3,,,,
Santa Cruz,2005,unknown,70.2,265,,,,
Santa Cruz,2005,__campus__,,,88.0,,,13588
Merced,2005,__campus__,,,0.0,,,841
Berkeley,2006,overall,88.9,3746,,,,
Berkeley,2006,international,89.1,92,,,,
Berkeley,2006,unknown,89.1,405,,,,
Berkeley,2006,__campus__,,,95.0,,,23863
Davis,2006,overall,80.9,4319,,,,
Davis,2006,international,75.5,53,,,,
Davis,2006,unknown,82.0,244,,,,
Davis,2006,__campus__,,,91.0,,,23311
Irvine,2006,overall,79.4,3619,,,,
Irvine,2006,international,81.2,32,,,,
Irvine,2006,unknown,81.7,295,,,,
Irvine,2006,__campus__,,,93.0,,,20719
Los Angeles,2006,overall,89.3,4195,,,,
Los Angeles,2006,international,88.6,79,,,,
Los Angeles,2006,unknown,87.3,307,,,,
Los Angeles,2006,__campus__,,,96.0,,,25431
Riverside,2006,overall,63.6,3051,,,,
Riverside,2006,international,50.9,55,,,,
Riverside,2006,unknown,57.0,158,,,,
Riverside,2006,__campus__,,,86.0,,,14792
San Diego,2006,overall,85.9,3122,,,,
San Diego,2006,international,92.3,39,,,,
San Diego,2006,unknown,88.5,408,,,,
San Diego,2006,__campus__,,,94.0,,,21346
Santa Barbara,2006,overall,78.5,3398,,,,
Santa Barbara,2006,international,56.0,25,,,,
Santa Barbara,2006,unknown,79.7,349,,,,
Santa Barbara,2006,__campus__,,,89.0,,,18210
Santa Cruz,2006,overall,69.6,2869,,,,
Santa Cruz,2006,international,85.7,14,,,,
Santa Cruz,2006,unknown,67.9,349,,,,
Santa Cruz,2006,__campus__,,,88.0,,,13941
Merced,2006,__campus__,,,82.0,,,1210
Berkeley,2007,overall,88.1,3847,,,,
Berkeley,2007,international,85.7,70,,,,
Berkeley,2007,unknown,92.2,397,,,,
Berkeley,2007,__campus__,,,96.9,,,24636
Davis,2007,overall,79.1,4400,,,,
Davis,2007,international,77.3,22,,,,
Davis,2007,unknown,78.5,246,,,,
Davis,2007,__campus__,,,91.0,,,23355
Irvine,2007,overall,79.6,3986,,,,
Irvine,2007,international,81.7,60,,,,
Irvine,2007,unknown,79.1,331,,,,
Irvine,2007,__campus__,,,93.9,,,21696
Los Angeles,2007,overall,90.0,4241,,,,
Los Angeles,2007,international,87.0,69,,,,
Los Angeles,2007,unknown,89.9,316,,,,
Los Angeles,2007,__campus__,,,97.3,,,25928
Riverside,2007,overall,66.0,2458,,,,
Riverside,2007,international,71.4,28,,,,
Riverside,2007,unknown,68.2,132,,,,
Riverside,2007,__campus__,,,83.3,,,14973
San Diego,2007,overall,84.3,3981,,,,
San Diego,2007,international,80.7,88,,,,
San Diego,2007,unknown,86.0,477,,,,
San Diego,2007,__campus__,,,94.7,,,22020
Santa Barbara,2007,overall,79.9,3628,,,,
Santa Barbara,2007,international,67.7,34,,,,
Santa Barbara,2007,unknown,82.3,339,,,,
Santa Barbara,2007,__campus__,,,91.3,,,18412
Santa Cruz,2007,overall,68.3,2939,,,,
Santa Cruz,2007,international,37.5,8,,,,
Santa Cruz,2007,unknown,71.5,354,,,,
Santa Cruz,2007,__campus__,,,89.2,,,14381
Merced,2007,__campus__,,,79.6,,,1750
Berkeley,2008,overall,89.6,3660,,,,
Berkeley,2008,international,90.0,90,,,,
Berkeley,2008,unknown,87.7,309,,,,
Berkeley,2008,__campus__,,,96.5,29.8,25.9,25151
Davis,2008,overall,81.4,4653,,,,
Davis,2008,international,74.2,31,,,,
Davis,2008,unknown,79.1,211,,,,
Davis,2008,__campus__,,,90.3,31.8,32.7,24058
Irvine,2008,overall,81.0,3963,,,,
Irvine,2008,international,75.8,66,,,,
Irvine,2008,unknown,80.7,310,,,,
Irvine,2008,__campus__,,,93.6,25.6,25.8,22122
Los Angeles,2008,overall,89.2,4254,,,,
Los Angeles,2008,international,88.7,71,,,,
Los Angeles,2008,unknown,87.9,206,,,,
Los Angeles,2008,__campus__,,,96.8,32.2,25.0,26536
Riverside,2008,overall,64.3,3508,,,,
Riverside,2008,international,73.6,53,,,,
Riverside,2008,unknown,67.5,188,,,,
Riverside,2008,__campus__,,,84.3,40.5,40.2,15702
San Diego,2008,overall,85.2,4243,,,,
San Diego,2008,international,78.9,71,,,,
San Diego,2008,unknown,89.4,501,,,,
San Diego,2008,__campus__,,,94.5,32.4,35.8,22486
Santa Barbara,2008,overall,81.5,3817,,,,
Santa Barbara,2008,international,81.0,58,,,,
Santa Barbara,2008,unknown,82.8,326,,,,
Santa Barbara,2008,__campus__,,,90.5,24.4,24.8,18888
Santa Cruz,2008,overall,71.5,3093,,,,
Santa Cruz,2008,international,60.0,10,,,,
Santa Cruz,2008,unknown,69.6,326,,,,
Santa Cruz,2008,__campus__,,,88.2,25.7,23.1,15125
Merced,2008,__campus__,,,79.2,39.8,39.5,2534
Berkeley,2009,overall,90.2,3663,,,,
Berkeley,2009,international,89.5,105,,,,
Berkeley,2009,unknown,88.0,343,,,,
Berkeley,2009,__campus__,,,96.4,29.8,23.8,25529
Davis,2009,overall,79.8,4775,,,,
Davis,2009,international,84.2,57,,,,
Davis,2009,unknown,76.1,239,,,,
Davis,2009,__campus__,,,92.3,31.5,30.2,24496
Irvine,2009,overall,81.7,4011,,,,
Irvine,2009,international,81.0,63,,,,
Irvine,2009,unknown,84.1,384,,,,
Irvine,2009,__campus__,,,94.3,25.2,24.0,22211
Los Angeles,2009,overall,89.2,4268,,,,
Los Angeles,2009,international,86.2,80,,,,
Los Angeles,2009,unknown,87.8,197,,,,
Los Angeles,2009,__campus__,,,96.6,30.8,26.2,26687
Riverside,2009,overall,65.0,3842,,,,
Riverside,2009,international,67.2,64,,,,
Riverside,2009,unknown,64.0,247,,,,
Riverside,2009,__campus__,,,86.7,42.0,42.1,16988
San Diego,2009,overall,84.4,3799,,,,
San Diego,2009,white,83.8,1311,,,,
San Diego,2009,black,70.2,47,,,,
San Diego,2009,hispanic_latino,71.0,417,,,,
San Diego,2009,asian,88.3,1500,,,,
San Diego,2009,aian,85.7,14,,,,
San Diego,2009,nhpi,69.2,13,,,,
San Diego,2009,two_or_more,,0,,,,
San Diego,2009,international,97.0,33,,,,
San Diego,2009,unknown,86.2,464,,,,
San Diego,2009,urm_basic,71.3,491,,,,
San Diego,2009,__campus__,,,95.1,33.7,34.9,23121
Santa Barbara,2009,overall,80.2,3970,,,,
Santa Barbara,2009,international,63.4,41,,,,
Santa Barbara,2009,unknown,79.3,381,,,,
Santa Barbara,2009,__campus__,,,90.8,25.4,28.2,19793
Santa Cruz,2009,overall,73.3,3275,,,,
Santa Cruz,2009,international,62.5,8,,,,
Santa Cruz,2009,unknown,72.3,357,,,,
Santa Cruz,2009,__campus__,,,89.2,26.0,25.1,15259
Merced,2009,__campus__,,,83.0,42.0,43.3,3190
Berkeley,2010,overall,91.1,3696,,,,
Berkeley,2010,international,83.3,90,,,,
Berkeley,2010,unknown,91.7,339,,,,
Berkeley,2010,__campus__,,,96.8,32.4,25.6,25540
Davis,2010,overall,82.3,4259,,,,
Davis,2010,international,84.6,52,,,,
Davis,2010,unknown,83.2,351,,,,
Davis,2010,__campus__,,,92.0,36.4,37.7,24538
Irvine,2010,overall,82.6,3604,,,,
Irvine,2010,international,74.5,51,,,,
Irvine,2010,unknown,81.8,291,,,,
Irvine,2010,__campus__,,,94.7,30.2,29.5,21963
Los Angeles,2010,overall,89.8,3721,,,,
Los Angeles,2010,international,93.6,110,,,,
Los Angeles,2010,unknown,88.3,162,,,,
Los Angeles,2010,__campus__,,,97.0,33.6,30.3,26162
Riverside,2010,overall,68.1,2926,,,,
Riverside,2010,international,54.3,70,,,,
Riverside,2010,unknown,69.9,156,,,,
Riverside,2010,__campus__,,,87.4,47.2,45.8,18236
San Diego,2010,overall,86.1,3874,,,,
San Diego,2010,international,85.7,84,,,,
San Diego,2010,unknown,88.2,449,,,,
San Diego,2010,__campus__,,,95.8,40.4,43.7,23641
Santa Barbara,2010,overall,79.4,3877,,,,
Santa Barbara,2010,international,78.4,37,,,,
Santa Barbara,2010,unknown,81.6,304,,,,
Santa Barbara,2010,__campus__,,,91.1,30.9,33.6,19184
Santa Cruz,2010,overall,74.2,2882,,,,
Santa Cruz,2010,international,94.1,17,,,,
Santa Cruz,2010,unknown,73.7,274,,,,
Santa Cruz,2010,__campus__,,,89.3,31.2,31.9,15668
Merced,2010,__campus__,,,87.1,48.9,51.7,4138
Berkeley,2011,overall,90.5,4102,,,,
Berkeley,2011,white,92.0,1234,,,,
Berkeley,2011,black,71.1,135,,,,
Berkeley,2011,hispanic_latino,81.2,426,,,,
Berkeley,2011,asian,93.4,1910,,,,
Berkeley,2011,aian,92.9,14,,,,
Berkeley,2011,nhpi,,0,,,,
Berkeley,2011,two_or_more,,0,,,,
Berkeley,2011,international,82.3,96,,,,
Berkeley,2011,unknown,90.2,287,,,,
Berkeley,2011,urm_basic,79.1,575,,,,
Berkeley,2011,__campus__,,,96.4,34.4,26.7,25885
Davis,2011,overall,81.7,4371,,,,
Davis,2011,white,84.0,1455,,,,
Davis,2011,black,70.8,113,,,,
Davis,2011,hispanic_latino,70.9,501,,,,
Davis,2011,asian,83.0,1929,,,,
Davis,2011,aian,84.2,19,,,,
Davis,2011,nhpi,,0,,,,
Davis,2011,two_or_more,,0,,,,
Davis,2011,international,79.6,54,,,,
Davis,2011,unknown,84.3,300,,,,
Davis,2011,urm_basic,71.2,633,,,,
Davis,2011,__campus__,,,92.7,41.4,39.5,24938
Irvine,2011,overall,84.6,4313,,,,
Irvine,2011,white,81.7,1120,,,,
Irvine,2011,black,77.0,100,,,,
Irvine,2011,hispanic_latino,79.2,476,,,,
Irvine,2011,asian,87.9,2222,,,,
Irvine,2011,aian,77.8,18,,,,
Irvine,2011,nhpi,84.2,19,,,,
Irvine,2011,two_or_more,,0,,,,
Irvine,2011,international,75.0,84,,,,
Irvine,2011,unknown,85.0,274,,,,
Irvine,2011,urm_basic,79.0,613,,,,
Irvine,2011,__campus__,,,93.6,36.6,37.7,21994
Los Angeles,2011,overall,90.0,4421,,,,
Los Angeles,2011,white,90.3,1524,,,,
Los Angeles,2011,black,76.3,118,,,,
Los Angeles,2011,hispanic_latino,85.2,643,,,,
Los Angeles,2011,asian,92.3,1826,,,,
Los Angeles,2011,aian,89.5,19,,,,
Los Angeles,2011,nhpi,81.8,11,,,,
Los Angeles,2011,two_or_more,,0,,,,
Los Angeles,2011,international,89.1,92,,,,
Los Angeles,2011,unknown,90.4,188,,,,
Los Angeles,2011,urm_basic,83.9,791,,,,
Los Angeles,2011,__campus__,,,96.9,36.0,32.1,27199
Riverside,2011,overall,66.8,2658,,,,
Riverside,2011,white,61.2,487,,,,
Riverside,2011,black,60.6,160,,,,
Riverside,2011,hispanic_latino,65.0,661,,,,
Riverside,2011,asian,70.5,1178,,,,
Riverside,2011,aian,62.5,8,,,,
Riverside,2011,nhpi,,0,,,,
Riverside,2011,two_or_more,,0,,,,
Riverside,2011,international,54.0,50,,,,
Riverside,2011,unknown,77.2,114,,,,
Riverside,2011,urm_basic,64.2,829,,,,
Riverside,2011,__campus__,,,87.5,54.6,56.8,18516
San Diego,2011,overall,85.3,3720,,,,
San Diego,2011,white,86.1,1080,,,,
San Diego,2011,black,86.1,43,,,,
San Diego,2011,hispanic_latino,75.9,427,,,,
San Diego,2011,asian,87.9,1709,,,,
San Diego,2011,aian,83.3,18,,,,
San Diego,2011,nhpi,66.7,18,,,,
San Diego,2011,two_or_more,,0,,,,
San Diego,2011,international,80.4,92,,,,
San Diego,2011,unknown,84.1,333,,,,
San Diego,2011,urm_basic,76.7,506,,,,
San Diego,2011,__campus__,,,95.8,46.1,46.8,23022
Santa Barbara,2011,overall,79.8,3799,,,,
Santa Barbara,2011,white,82.8,2004,,,,
Santa Barbara,2011,black,71.6,109,,,,
Santa Barbara,2011,hispanic_latino,73.3,745,,,,
Santa Barbara,2011,asian,79.8,637,,,,
Santa Barbara,2011,aian,69.6,23,,,,
Santa Barbara,2011,nhpi,,0,,,,
Santa Barbara,2011,two_or_more,,0,,,,
Santa Barbara,2011,international,67.5,40,,,,
Santa Barbara,2011,unknown,81.3,241,,,,
Santa Barbara,2011,urm_basic,73.0,877,,,,
Santa Barbara,2011,__campus__,,,92.1,35.7,34.3,18617
Santa Cruz,2011,overall,73.4,2921,,,,
Santa Cruz,2011,white,75.4,1550,,,,
Santa Cruz,2011,black,64.7,68,,,,
Santa Cruz,2011,hispanic_latino,71.8,433,,,,
Santa Cruz,2011,asian,70.7,601,,,,
Santa Cruz,2011,aian,69.2,26,,,,
Santa Cruz,2011,nhpi,,0,,,,
Santa Cruz,2011,two_or_more,,0,,,,
Santa Cruz,2011,international,55.6,18,,,,
Santa Cruz,2011,unknown,73.8,225,,,,
Santa Cruz,2011,urm_basic,70.8,527,,,,
Santa Cruz,2011,__campus__,,,90.5,38.0,41.6,15945
Merced,2011,overall,58.2,706,,,,
Merced,2011,white,55.1,178,,,,
Merced,2011,black,59.2,49,,,,
Merced,2011,hispanic_latino,54.4,171,,,,
Merced,2011,asian,63.5,274,,,,
Merced,2011,aian,33.3,6,,,,
Merced,2011,nhpi,40.0,5,,,,
Merced,2011,two_or_more,,0,,,,
Merced,2011,international,25.0,4,,,,
Merced,2011,unknown,63.2,19,,,,
Merced,2011,urm_basic,54.5,231,,,,
Merced,2011,__campus__,,,84.5,57.0,60.9,4938
Berkeley,2012,overall,90.7,4165,,,,
Berkeley,2012,white,92.1,1209,,,,
Berkeley,2012,black,77.0,152,,,,
Berkeley,2012,hispanic_latino,80.8,475,,,,
Berkeley,2012,asian,94.0,1920,,,,
Berkeley,2012,aian,70.6,17,,,,
Berkeley,2012,nhpi,66.7,9,,,,
Berkeley,2012,two_or_more,,0,,,,
Berkeley,2012,international,84.5,84,,,,
Berkeley,2012,unknown,90.0,299,,,,
Berkeley,2012,urm_basic,79.5,653,,,,
Berkeley,2012,__campus__,,,95.8,33.3,24.4,25774
Davis,2012,overall,81.2,5505,,,,
Davis,2012,white,83.4,1791,,,,
Davis,2012,black,64.4,174,,,,
Davis,2012,hispanic_latino,71.6,711,,,,
Davis,2012,asian,83.3,2389,,,,
Davis,2012,aian,75.0,24,,,,
Davis,2012,nhpi,,0,,,,
Davis,2012,two_or_more,,0,,,,
Davis,2012,international,80.0,85,,,,
Davis,2012,unknown,85.2,331,,,,
Davis,2012,urm_basic,70.3,909,,,,
Davis,2012,__campus__,,,92.0,42.7,42.1,25588
Irvine,2012,overall,85.6,4819,,,,
Irvine,2012,white,84.0,1104,,,,
Irvine,2012,black,75.9,108,,,,
Irvine,2012,hispanic_latino,78.9,564,,,,
Irvine,2012,asian,88.6,2671,,,,
Irvine,2012,aian,87.5,24,,,,
Irvine,2012,nhpi,82.8,29,,,,
Irvine,2012,two_or_more,,0,,,,
Irvine,2012,international,76.1,88,,,,
Irvine,2012,unknown,83.5,231,,,,
Irvine,2012,urm_basic,78.9,725,,,,
Irvine,2012,__campus__,,,92.6,40.0,44.9,22210
Los Angeles,2012,overall,91.5,4808,,,,
Los Angeles,2012,white,91.0,1597,,,,
Los Angeles,2012,black,78.1,96,,,,
Los Angeles,2012,hispanic_latino,87.6,653,,,,
Los Angeles,2012,asian,93.9,2132,,,,
Los Angeles,2012,aian,100.0,17,,,,
Los Angeles,2012,nhpi,100.0,11,,,,
Los Angeles,2012,two_or_more,,0,,,,
Los Angeles,2012,international,88.6,158,,,,
Los Angeles,2012,unknown,89.6,144,,,,
Los Angeles,2012,urm_basic,86.9,777,,,,
Los Angeles,2012,__campus__,,,96.4,36.2,31.5,27941
Riverside,2012,overall,66.3,3562,,,,
Riverside,2012,white,67.4,583,,,,
Riverside,2012,black,67.8,283,,,,
Riverside,2012,hispanic_latino,57.9,1011,,,,
Riverside,2012,asian,71.8,1423,,,,
Riverside,2012,aian,50.0,8,,,,
Riverside,2012,nhpi,77.8,9,,,,
Riverside,2012,two_or_more,,0,,,,
Riverside,2012,international,52.5,59,,,,
Riverside,2012,unknown,68.8,186,,,,
Riverside,2012,urm_basic,60.1,1311,,,,
Riverside,2012,__campus__,,,88.5,56.8,59.1,18537
San Diego,2012,overall,86.2,4589,,,,
San Diego,2012,white,84.2,1279,,,,
San Diego,2012,black,72.7,44,,,,
San Diego,2012,hispanic_latino,78.9,502,,,,
San Diego,2012,asian,89.1,2190,,,,
San Diego,2012,aian,86.4,22,,,,
San Diego,2012,nhpi,71.4,14,,,,
San Diego,2012,two_or_more,,0,,,,
San Diego,2012,international,83.3,120,,,,
San Diego,2012,unknown,89.0,418,,,,
San Diego,2012,urm_basic,78.5,582,,,,
San Diego,2012,__campus__,,,93.9,46.1,45.9,22650
Santa Barbara,2012,overall,80.2,4089,,,,
Santa Barbara,2012,white,83.9,2125,,,,
Santa Barbara,2012,black,71.9,114,,,,
Santa Barbara,2012,hispanic_latino,73.5,874,,,,
Santa Barbara,2012,asian,78.6,635,,,,
Santa Barbara,2012,aian,74.4,39,,,,
Santa Barbara,2012,nhpi,,0,,,,
Santa Barbara,2012,two_or_more,,0,,,,
Santa Barbara,2012,international,78.1,32,,,,
Santa Barbara,2012,unknown,81.5,270,,,,
Santa Barbara,2012,urm_basic,73.3,1027,,,,
Santa Barbara,2012,__campus__,,,91.3,37.2,38.9,18974
Santa Cruz,2012,overall,74.5,3237,,,,
Santa Cruz,2012,white,74.7,1607,,,,
Santa Cruz,2012,black,68.3,82,,,,
Santa Cruz,2012,hispanic_latino,69.8,560,,,,
Santa Cruz,2012,asian,76.3,718,,,,
Santa Cruz,2012,aian,83.3,24,,,,
Santa Cruz,2012,nhpi,,0,,,,
Santa Cruz,2012,two_or_more,,0,,,,
Santa Cruz,2012,international,79.0,19,,,,
Santa Cruz,2012,unknown,79.3,227,,,,
Santa Cruz,2012,urm_basic,70.1,666,,,,
Santa Cruz,2012,__campus__,,,90.8,40.7,42.2,15978
Merced,2012,overall,58.1,396,,,,
Merced,2012,white,50.6,89,,,,
Merced,2012,black,53.8,26,,,,
Merced,2012,hispanic_latino,58.6,116,,,,
Merced,2012,asian,61.0,136,,,,
Merced,2012,aian,100.0,2,,,,
Merced,2012,nhpi,,0,,,,
Merced,2012,two_or_more,,0,,,,
Merced,2012,international,,0,,,,
Merced,2012,unknown,66.7,27,,,,
Merced,2012,urm_basic,58.3,144,,,,
Merced,2012,__campus__,,,82.8,58.2,58.9,5431
Berkeley,2013,overall,91.0,4226,,,,
Berkeley,2013,white,90.0,1265,,,,
Berkeley,2013,black,78.7,136,,,,
Berkeley,2013,hispanic_latino,84.2,489,,,,
Berkeley,2013,asian,94.6,1919,,,,
Berkeley,2013,aian,81.0,21,,,,
Berkeley,2013,nhpi,90.9,11,,,,
Berkeley,2013,two_or_more,,0,,,,
Berkeley,2013,international,87.7,106,,,,
Berkeley,2013,unknown,91.0,279,,,,
Berkeley,2013,urm_basic,83.1,657,,,,
Berkeley,2013,__campus__,,,96.4,32.4,26.8,25951
Davis,2013,overall,81.3,4943,,,,
Davis,2013,white,84.8,1607,,,,
Davis,2013,black,69.6,181,,,,
Davis,2013,hispanic_latino,71.7,678,,,,
Davis,2013,asian,83.0,2118,,,,
Davis,2013,aian,73.2,41,,,,
Davis,2013,nhpi,,0,,,,
Davis,2013,two_or_more,,0,,,,
Davis,2013,international,69.7,76,,,,
Davis,2013,unknown,84.7,242,,,,
Davis,2013,urm_basic,71.3,900,,,,
Davis,2013,__campus__,,,92.9,43.0,36.7,26483
Irvine,2013,overall,85.9,4917,,,,
Irvine,2013,white,82.5,1007,,,,
Irvine,2013,black,78.8,113,,,,
Irvine,2013,hispanic_latino,78.3,702,,,,
Irvine,2013,asian,89.5,2696,,,,
Irvine,2013,aian,88.9,9,,,,
Irvine,2013,nhpi,68.8,16,,,,
Irvine,2013,two_or_more,,0,,,,
Irvine,2013,international,77.5,120,,,,
Irvine,2013,unknown,88.6,254,,,,
Irvine,2013,urm_basic,78.3,840,,,,
Irvine,2013,__campus__,,,91.8,43.2,48.2,23517
Los Angeles,2013,overall,90.3,4562,,,,
Los Angeles,2013,white,90.6,1534,,,,
Los Angeles,2013,black,84.5,200,,,,
Los Angeles,2013,hispanic_latino,83.5,635,,,,
Los Angeles,2013,asian,93.2,1869,,,,
Los Angeles,2013,aian,85.7,14,,,,
Los Angeles,2013,nhpi,92.9,14,,,,
Los Angeles,2013,two_or_more,,0,,,,
Los Angeles,2013,international,85.5,131,,,,
Los Angeles,2013,unknown,92.7,165,,,,
Los Angeles,2013,urm_basic,83.9,863,,,,
Los Angeles,2013,__campus__,,,96.3,36.2,30.8,28667
Riverside,2013,overall,66.2,3701,,,,
Riverside,2013,white,67.4,546,,,,
Riverside,2013,black,66.8,298,,,,
Riverside,2013,hispanic_latino,62.4,1005,,,,
Riverside,2013,asian,68.8,1620,,,,
Riverside,2013,aian,55.6,18,,,,
Riverside,2013,nhpi,60.0,20,,,,
Riverside,2013,two_or_more,53.4,58,,,,
Riverside,2013,international,50.8,61,,,,
Riverside,2013,unknown,74.7,75,,,,
Riverside,2013,urm_basic,63.2,1341,,,,
Riverside,2013,__campus__,,,89.0,56.4,55.7,18612
San Diego,2013,overall,85.8,4141,,,,
San Diego,2013,white,85.1,981,,,,
San Diego,2013,black,75.0,72,,,,
San Diego,2013,hispanic_latino,74.1,544,,,,
San Diego,2013,asian,89.0,2001,,,,
San Diego,2013,aian,88.9,9,,,,
San Diego,2013,nhpi,85.7,14,,,,
San Diego,2013,two_or_more,,0,,,,
San Diego,2013,international,81.6,152,,,,
San Diego,2013,unknown,91.3,368,,,,
San Diego,2013,urm_basic,74.6,639,,,,
San Diego,2013,__campus__,,,94.2,42.7,29.9,23792
Santa Barbara,2013,overall,80.7,4321,,,,
Santa Barbara,2013,white,82.5,2249,,,,
Santa Barbara,2013,black,73.2,112,,,,
Santa Barbara,2013,hispanic_latino,75.7,919,,,,
Santa Barbara,2013,asian,83.5,708,,,,
Santa Barbara,2013,aian,83.3,36,,,,
Santa Barbara,2013,nhpi,93.3,15,,,,
Santa Barbara,2013,two_or_more,,0,,,,
Santa Barbara,2013,international,78.4,37,,,,
Santa Barbara,2013,unknown,77.5,245,,,,
Santa Barbara,2013,urm_basic,76.0,1082,,,,
Santa Barbara,2013,__campus__,,,91.9,38.0,40.9,19362
Santa Cruz,2013,overall,72.7,3604,,,,
Santa Cruz,2013,white,73.3,1717,,,,
Santa Cruz,2013,black,66.0,106,,,,
Santa Cruz,2013,hispanic_latino,67.8,617,,,,
Santa Cruz,2013,asian,75.5,886,,,,
Santa Cruz,2013,aian,83.3,24,,,,
Santa Cruz,2013,nhpi,,0,,,,
Santa Cruz,2013,two_or_more,,0,,,,
Santa Cruz,2013,international,62.1,29,,,,
Santa Cruz,2013,unknown,73.3,225,,,,
Santa Cruz,2013,urm_basic,68.0,747,,,,
Santa Cruz,2013,__campus__,,,88.8,44.6,51.1,15695
Merced,2013,overall,56.7,668,,,,
Merced,2013,white,53.4,148,,,,
Merced,2013,black,53.3,45,,,,
Merced,2013,hispanic_latino,61.0,218,,,,
Merced,2013,asian,56.0,209,,,,
Merced,2013,aian,50.0,4,,,,
Merced,2013,nhpi,50.0,4,,,,
Merced,2013,two_or_more,,0,,,,
Merced,2013,international,62.5,8,,,,
Merced,2013,unknown,53.1,32,,,,
Merced,2013,urm_basic,59.4,271,,,,
Merced,2013,__campus__,,,84.3,59.8,62.5,5837
Berkeley,2014,overall,90.7,4263,,,,
Berkeley,2014,white,91.3,1179,,,,
Berkeley,2014,black,74.0,146,,,,
Berkeley,2014,hispanic_latino,84.7,452,,,,
Berkeley,2014,asian,94.0,1814,,,,
Berkeley,2014,aian,79.0,19,,,,
Berkeley,2014,nhpi,88.9,9,,,,
Berkeley,2014,two_or_more,,0,,,,
Berkeley,2014,international,88.7,328,,,,
Berkeley,2014,unknown,88.3,316,,,,
Berkeley,2014,urm_basic,82.1,626,,,,
Berkeley,2014,__campus__,,,96.1,31.4,24.1,27126
Davis,2014,overall,83.2,4966,,,,
Davis,2014,white,85.8,1714,,,,
Davis,2014,black,68.0,147,,,,
Davis,2014,hispanic_latino,77.9,764,,,,
Davis,2014,asian,84.5,1946,,,,
Davis,2014,aian,69.6,23,,,,
Davis,2014,nhpi,,0,,,,
Davis,2014,two_or_more,,0,,,,
Davis,2014,international,70.4,81,,,,
Davis,2014,unknown,85.6,291,,,,
Davis,2014,urm_basic,76.1,934,,,,
Davis,2014,__campus__,,,93.2,42.8,37.4,27547
Irvine,2014,overall,86.5,4561,,,,
Irvine,2014,white,85.4,975,,,,
Irvine,2014,black,81.2,96,,,,
Irvine,2014,hispanic_latino,81.9,662,,,,
Irvine,2014,asian,89.2,2436,,,,
Irvine,2014,aian,77.3,22,,,,
Irvine,2014,nhpi,81.2,16,,,,
Irvine,2014,two_or_more,,0,,,,
Irvine,2014,international,69.2,104,,,,
Irvine,2014,unknown,86.8,250,,,,
Irvine,2014,urm_basic,81.7,796,,,,
Irvine,2014,__campus__,,,92.2,45.4,46.6,24474
Los Angeles,2014,overall,91.0,4735,,,,
Los Angeles,2014,white,91.4,1657,,,,
Los Angeles,2014,black,80.9,225,,,,
Los Angeles,2014,hispanic_latino,85.0,748,,,,
Los Angeles,2014,asian,95.2,1768,,,,
Los Angeles,2014,aian,90.9,11,,,,
Los Angeles,2014,nhpi,80.0,15,,,,
Los Angeles,2014,two_or_more,,0,,,,
Los Angeles,2014,international,82.6,138,,,,
Los Angeles,2014,unknown,90.2,173,,,,
Los Angeles,2014,urm_basic,84.1,999,,,,
Los Angeles,2014,__campus__,,,96.9,35.9,31.5,29627
Riverside,2014,overall,69.3,4401,,,,
Riverside,2014,white,68.5,642,,,,
Riverside,2014,black,73.3,348,,,,
Riverside,2014,hispanic_latino,66.2,1374,,,,
Riverside,2014,asian,72.3,1749,,,,
Riverside,2014,aian,63.2,19,,,,
Riverside,2014,nhpi,66.7,18,,,,
Riverside,2014,two_or_more,,0,,,,
Riverside,2014,international,50.0,66,,,,
Riverside,2014,unknown,67.0,185,,,,
Riverside,2014,urm_basic,67.6,1759,,,,
Riverside,2014,__campus__,,,89.7,57.5,55.3,18784
San Diego,2014,overall,86.2,4254,,,,
San Diego,2014,white,85.3,1000,,,,
San Diego,2014,black,96.2,52,,,,
San Diego,2014,hispanic_latino,76.8,539,,,,
San Diego,2014,asian,89.2,2129,,,,
San Diego,2014,aian,80.0,15,,,,
San Diego,2014,nhpi,100.0,9,,,,
San Diego,2014,two_or_more,,0,,,,
San Diego,2014,international,75.0,144,,,,
San Diego,2014,unknown,87.7,366,,,,
San Diego,2014,urm_basic,78.9,615,,,,
San Diego,2014,__campus__,,,94.6,40.1,32.3,24801
Santa Barbara,2014,overall,81.3,4362,,,,
Santa Barbara,2014,white,83.5,2030,,,,
Santa Barbara,2014,black,75.0,184,,,,
Santa Barbara,2014,hispanic_latino,78.3,1060,,,,
Santa Barbara,2014,asian,82.5,766,,,,
Santa Barbara,2014,aian,69.6,23,,,,
Santa Barbara,2014,nhpi,87.5,8,,,,
Santa Barbara,2014,two_or_more,,0,,,,
Santa Barbara,2014,international,64.4,45,,,,
Santa Barbara,2014,unknown,80.5,246,,,,
Santa Barbara,2014,urm_basic,77.7,1275,,,,
Santa Barbara,2014,__campus__,,,92.4,38.1,35.7,20237
Santa Cruz,2014,overall,77.3,3809,,,,
Santa Cruz,2014,white,78.7,1833,,,,
Santa Cruz,2014,black,73.3,101,,,,
Santa Cruz,2014,hispanic_latino,71.5,705,,,,
Santa Cruz,2014,asian,79.8,880,,,,
Santa Cruz,2014,aian,71.4,28,,,,
Santa Cruz,2014,nhpi,76.9,13,,,,
Santa Cruz,2014,two_or_more,,0,,,,
Santa Cruz,2014,international,53.3,15,,,,
Santa Cruz,2014,unknown,79.5,234,,,,
Santa Cruz,2014,urm_basic,71.8,847,,,,
Santa Cruz,2014,__campus__,,,88.9,46.0,43.5,16277
Merced,2014,overall,63.6,922,,,,
Merced,2014,white,60.4,207,,,,
Merced,2014,black,59.7,67,,,,
Merced,2014,hispanic_latino,62.2,296,,,,
Merced,2014,asian,69.7,294,,,,
Merced,2014,aian,0.0,4,,,,
Merced,2014,nhpi,28.6,7,,,,
Merced,2014,two_or_more,,0,,,,
Merced,2014,international,41.7,12,,,,
Merced,2014,unknown,71.4,35,,,,
Merced,2014,urm_basic,60.4,374,,,,
Merced,2014,__campus__,,,82.6,61.5,63.6,5884
Berkeley,2015,overall,91.6,4337,,,,
Berkeley,2015,white,91.4,1319,,,,
Berkeley,2015,black,76.4,127,,,,
Berkeley,2015,hispanic_latino,84.8,467,,,,
Berkeley,2015,asian,94.8,1847,,,,
Berkeley,2015,aian,79.0,19,,,,
Berkeley,2015,nhpi,80.0,10,,,,
Berkeley,2015,two_or_more,,0,,,,
Berkeley,2015,international,88.7,291,,,,
Berkeley,2015,unknown,93.8,257,,,,
Berkeley,2015,urm_basic,82.8,623,,,,
Berkeley,2015,__campus__,,,96.5,31.1,26.2,27496
Davis,2015,overall,85.4,4411,,,,
Davis,2015,white,86.8,1512,,,,
Davis,2015,black,72.1,129,,,,
Davis,2015,hispanic_latino,76.9,706,,,,
Davis,2015,asian,88.2,1771,,,,
Davis,2015,aian,88.6,35,,,,
Davis,2015,nhpi,,0,,,,
Davis,2015,two_or_more,,0,,,,
Davis,2015,international,80.9,68,,,,
Davis,2015,unknown,88.9,190,,,,
Davis,2015,urm_basic,76.7,870,,,,
Davis,2015,__campus__,,,92.5,41.2,37.7,28239
Irvine,2015,overall,88.1,4013,,,,
Irvine,2015,white,84.6,786,,,,
Irvine,2015,black,80.2,86,,,,
Irvine,2015,hispanic_latino,83.7,577,,,,
Irvine,2015,asian,90.7,2309,,,,
Irvine,2015,aian,93.3,15,,,,
Irvine,2015,nhpi,66.7,3,,,,
Irvine,2015,two_or_more,,0,,,,
Irvine,2015,international,79.5,78,,,,
Irvine,2015,unknown,91.2,159,,,,
Irvine,2015,urm_basic,83.4,681,,,,
Irvine,2015,__campus__,,,93.0,46.0,42.6,25245
Los Angeles,2015,overall,91.1,4470,,,,
Los Angeles,2015,white,91.7,1435,,,,
Los Angeles,2015,black,80.7,192,,,,
Los Angeles,2015,hispanic_latino,87.9,766,,,,
Los Angeles,2015,asian,94.1,1776,,,,
Los Angeles,2015,aian,87.0,23,,,,
Los Angeles,2015,nhpi,72.7,11,,,,
Los Angeles,2015,two_or_more,,0,,,,
Los Angeles,2015,international,80.9,131,,,,
Los Angeles,2015,unknown,90.4,136,,,,
Los Angeles,2015,urm_basic,86.3,992,,,,
Los Angeles,2015,__campus__,,,96.3,35.2,30.0,29581
Riverside,2015,overall,73.1,4263,,,,
Riverside,2015,white,71.2,635,,,,
Riverside,2015,black,73.4,319,,,,
Riverside,2015,hispanic_latino,69.5,1355,,,,
Riverside,2015,asian,77.4,1769,,,,
Riverside,2015,aian,69.2,13,,,,
Riverside,2015,nhpi,,0,,,,
Riverside,2015,two_or_more,,0,,,,
Riverside,2015,international,54.4,46,,,,
Riverside,2015,unknown,66.7,126,,,,
Riverside,2015,urm_basic,70.2,1687,,,,
Riverside,2015,__campus__,,,91.0,56.8,51.9,18597
San Diego,2015,overall,87.3,3749,,,,
San Diego,2015,white,88.4,810,,,,
San Diego,2015,black,78.3,46,,,,
San Diego,2015,hispanic_latino,77.9,551,,,,
San Diego,2015,asian,90.5,1861,,,,
San Diego,2015,aian,81.8,11,,,,
San Diego,2015,nhpi,81.8,11,,,,
San Diego,2015,two_or_more,,0,,,,
San Diego,2015,international,78.1,119,,,,
San Diego,2015,unknown,87.1,340,,,,
San Diego,2015,urm_basic,78.0,619,,,,
San Diego,2015,__campus__,,,94.7,38.4,33.4,26584
Santa Barbara,2015,overall,81.0,4568,,,,
Santa Barbara,2015,white,83.2,2051,,,,
Santa Barbara,2015,black,72.4,174,,,,
Santa Barbara,2015,hispanic_latino,77.8,1107,,,,
Santa Barbara,2015,asian,82.7,937,,,,
Santa Barbara,2015,aian,79.2,48,,,,
Santa Barbara,2015,nhpi,100.0,10,,,,
Santa Barbara,2015,two_or_more,,0,,,,
Santa Barbara,2015,international,80.4,51,,,,
Santa Barbara,2015,unknown,74.7,190,,,,
Santa Barbara,2015,urm_basic,77.3,1339,,,,
Santa Barbara,2015,__campus__,,,92.9,38.1,38.3,20606
Santa Cruz,2015,overall,78.3,3196,,,,
Santa Cruz,2015,white,77.9,1396,,,,
Santa Cruz,2015,black,63.9,83,,,,
Santa Cruz,2015,hispanic_latino,75.0,668,,,,
Santa Cruz,2015,asian,81.9,722,,,,
Santa Cruz,2015,aian,79.5,39,,,,
Santa Cruz,2015,nhpi,66.7,6,,,,
Santa Cruz,2015,two_or_more,,0,,,,
Santa Cruz,2015,international,69.2,13,,,,
Santa Cruz,2015,unknown,84.4,269,,,,
Santa Cruz,2015,urm_basic,74.0,796,,,,
Santa Cruz,2015,__campus__,,,87.5,45.3,40.5,16231
Merced,2015,overall,66.4,1125,,,,
Merced,2015,white,64.2,204,,,,
Merced,2015,black,59.0,95,,,,
Merced,2015,hispanic_latino,66.9,396,,,,
Merced,2015,asian,70.4,372,,,,
Merced,2015,aian,54.5,11,,,,
Merced,2015,nhpi,57.1,7,,,,
Merced,2015,two_or_more,,0,,,,
Merced,2015,international,66.7,9,,,,
Merced,2015,unknown,54.8,31,,,,
Merced,2015,urm_basic,65.0,509,,,,
Merced,2015,__campus__,,,83.9,61.1,62.0,6237
Berkeley,2016,overall,91.7,4081,,,,
Berkeley,2016,white,91.2,1168,,,,
Berkeley,2016,black,70.7,82,,,,
Berkeley,2016,hispanic_latino,88.7,417,,,,
Berkeley,2016,asian,94.8,1494,,,,
Berkeley,2016,aian,,0,,,,
Berkeley,2016,nhpi,77.8,9,,,,
Berkeley,2016,two_or_more,91.8,182,,,,
Berkeley,2016,international,90.0,469,,,,
Berkeley,2016,unknown,91.1,260,,,,
Berkeley,2016,urm_basic,85.6,508,,,,
Berkeley,2016,pell,88.9,1091,,,,
Berkeley,2016,loan_no_pell,90.3,391,,,,
Berkeley,2016,no_loan_no_pell,93.1,2599,,,,
Berkeley,2016,__campus__,,,96.8,30.3,23.0,29309
Davis,2016,overall,84.7,4489,,,,
Davis,2016,white,86.9,1377,,,,
Davis,2016,black,77.4,84,,,,
Davis,2016,hispanic_latino,76.2,823,,,,
Davis,2016,asian,87.6,1638,,,,
Davis,2016,aian,60.0,5,,,,
Davis,2016,nhpi,85.7,14,,,,
Davis,2016,two_or_more,81.8,263,,,,
Davis,2016,international,82.3,79,,,,
Davis,2016,unknown,88.3,206,,,,
Davis,2016,urm_basic,76.3,926,,,,
Davis,2016,pell,81.0,1781,,,,
Davis,2016,loan_no_pell,85.9,680,,,,
Davis,2016,no_loan_no_pell,87.5,2028,,,,
Davis,2016,__campus__,,,92.9,39.8,33.9,29358
Irvine,2016,overall,87.2,4404,,,,
Irvine,2016,white,85.6,863,,,,
Irvine,2016,black,85.5,62,,,,
Irvine,2016,hispanic_latino,79.9,782,,,,
Irvine,2016,asian,90.7,2149,,,,
Irvine,2016,aian,85.7,7,,,,
Irvine,2016,nhpi,86.7,15,,,,
Irvine,2016,two_or_more,87.5,249,,,,
Irvine,2016,international,82.8,116,,,,
Irvine,2016,unknown,88.8,161,,,,
Irvine,2016,urm_basic,80.5,866,,,,
Irvine,2016,pell,85.5,1658,,,,
Irvine,2016,loan_no_pell,86.0,970,,,,
Irvine,2016,no_loan_no_pell,89.6,1776,,,,
Irvine,2016,__campus__,,,92.1,44.7,40.8,27317
Los Angeles,2016,overall,91.1,4632,,,,
Los Angeles,2016,white,91.1,1388,,,,
Los Angeles,2016,black,83.5,133,,,,
Los Angeles,2016,hispanic_latino,86.6,773,,,,
Los Angeles,2016,asian,94.0,1553,,,,
Los Angeles,2016,aian,100.0,2,,,,
Los Angeles,2016,nhpi,93.8,16,,,,
Los Angeles,2016,two_or_more,91.3,275,,,,
Los Angeles,2016,international,91.6,298,,,,
Los Angeles,2016,unknown,90.7,194,,,,
Los Angeles,2016,urm_basic,86.3,924,,,,
Los Angeles,2016,pell,88.5,1790,,,,
Los Angeles,2016,loan_no_pell,92.9,679,,,,
Los Angeles,2016,no_loan_no_pell,92.8,2163,,,,
Los Angeles,2016,__campus__,,,96.9,34.6,29.8,30859
Riverside,2016,overall,72.9,4456,,,,
Riverside,2016,white,73.3,584,,,,
Riverside,2016,black,66.8,220,,,,
Riverside,2016,hispanic_latino,70.1,1647,,,,
Riverside,2016,asian,76.6,1644,,,,
Riverside,2016,aian,66.7,3,,,,
Riverside,2016,nhpi,70.0,10,,,,
Riverside,2016,two_or_more,70.6,211,,,,
Riverside,2016,international,58.3,36,,,,
Riverside,2016,unknown,80.2,101,,,,
Riverside,2016,urm_basic,69.7,1880,,,,
Riverside,2016,pell,72.6,2528,,,,
Riverside,2016,loan_no_pell,75.7,597,,,,
Riverside,2016,no_loan_no_pell,72.3,1331,,,,
Riverside,2016,__campus__,,,91.1,56.0,52.8,19788
San Diego,2016,overall,87.2,3947,,,,
San Diego,2016,white,87.2,782,,,,
San Diego,2016,black,90.2,61,,,,
San Diego,2016,hispanic_latino,81.5,590,,,,
San Diego,2016,asian,89.6,1924,,,,
San Diego,2016,aian,77.3,22,,,,
San Diego,2016,nhpi,100.0,5,,,,
San Diego,2016,two_or_more,,0,,,,
San Diego,2016,international,77.8,203,,,,
San Diego,2016,unknown,88.9,360,,,,
San Diego,2016,urm_basic,82.3,678,,,,
San Diego,2016,pell,85.5,1844,,,,
San Diego,2016,loan_no_pell,87.2,556,,,,
San Diego,2016,no_loan_no_pell,89.3,1547,,,,
San Diego,2016,__campus__,,,95.4,35.3,26.0,28121
Santa Barbara,2016,overall,82.3,3696,,,,
Santa Barbara,2016,white,84.8,1665,,,,
Santa Barbara,2016,black,76.7,86,,,,
Santa Barbara,2016,hispanic_latino,79.6,902,,,,
Santa Barbara,2016,asian,80.7,596,,,,
Santa Barbara,2016,aian,100.0,8,,,,
Santa Barbara,2016,nhpi,83.3,6,,,,
Santa Barbara,2016,two_or_more,84.7,241,,,,
Santa Barbara,2016,international,65.7,35,,,,
Santa Barbara,2016,unknown,79.6,157,,,,
Santa Barbara,2016,urm_basic,79.5,1002,,,,
Santa Barbara,2016,pell,80.7,1499,,,,
Santa Barbara,2016,loan_no_pell,84.0,638,,,,
Santa Barbara,2016,no_loan_no_pell,83.1,1559,,,,
Santa Barbara,2016,__campus__,,,92.5,38.5,38.8,21570
Santa Cruz,2016,overall,76.9,3274,,,,
Santa Cruz,2016,white,79.4,1270,,,,
Santa Cruz,2016,black,70.9,55,,,,
Santa Cruz,2016,hispanic_latino,73.4,839,,,,
Santa Cruz,2016,asian,78.7,723,,,,
Santa Cruz,2016,aian,0.0,1,,,,
Santa Cruz,2016,nhpi,60.0,5,,,,
Santa Cruz,2016,two_or_more,78.2,243,,,,
Santa Cruz,2016,international,41.7,12,,,,
Santa Cruz,2016,unknown,70.6,126,,,,
Santa Cruz,2016,urm_basic,73.1,900,,,,
Santa Cruz,2016,pell,76.6,1583,,,,
Santa Cruz,2016,loan_no_pell,77.8,738,,,,
Santa Cruz,2016,no_loan_no_pell,76.9,953,,,,
Santa Cruz,2016,__campus__,,,90.2,44.1,36.0,16962
Merced,2016,overall,66.4,1335,,,,
Merced,2016,white,63.8,235,,,,
Merced,2016,black,68.6,70,,,,
Merced,2016,hispanic_latino,63.4,539,,,,
Merced,2016,asian,70.8,363,,,,
Merced,2016,aian,50.0,2,,,,
Merced,2016,nhpi,87.5,8,,,,
Merced,2016,two_or_more,77.4,62,,,,
Merced,2016,international,33.3,15,,,,
Merced,2016,unknown,68.3,41,,,,
Merced,2016,urm_basic,64.3,619,,,,
Merced,2016,pell,65.5,808,,,,
Merced,2016,loan_no_pell,67.9,212,,,,
Merced,2016,no_loan_no_pell,67.6,315,,,,
Merced,2016,__campus__,,,85.8,61.1,64.0,6815
Berkeley,2017,overall,91.1,4412,,,,
Berkeley,2017,white,90.3,1231,,,,
Berkeley,2017,black,82.0,78,,,,
Berkeley,2017,hispanic_latino,87.3,481,,,,
Berkeley,2017,asian,93.6,1700,,,,
Berkeley,2017,aian,100.0,7,,,,
Berkeley,2017,nhpi,83.3,12,,,,
Berkeley,2017,two_or_more,91.3,230,,,,
Berkeley,2017,international,89.1,607,,,,
Berkeley,2017,unknown,95.5,66,,,,
Berkeley,2017,urm_basic,86.7,578,,,,
Berkeley,2017,pell,89.1,1077,,,,
Berkeley,2017,loan_no_pell,89.9,487,,,,
Berkeley,2017,no_loan_no_pell,92.0,2848,,,,
Berkeley,2017,__campus__,,,97.3,27.7,19.4,30574
Davis,2017,overall,85.2,4659,,,,
Davis,2017,white,86.5,1341,,,,
Davis,2017,black,76.0,75,,,,
Davis,2017,hispanic_latino,77.0,847,,,,
Davis,2017,asian,89.2,1860,,,,
Davis,2017,aian,60.0,5,,,,
Davis,2017,nhpi,61.9,21,,,,
Davis,2017,two_or_more,87.5,256,,,,
Davis,2017,international,77.4,199,,,,
Davis,2017,unknown,83.6,55,,,,
Davis,2017,urm_basic,76.5,948,,,,
Davis,2017,pell,82.3,1948,,,,
Davis,2017,loan_no_pell,85.5,699,,,,
Davis,2017,no_loan_no_pell,87.9,2012,,,,
Davis,2017,__campus__,,,92.8,38.5,33.3,30046
Irvine,2017,overall,84.9,5100,,,,
Irvine,2017,white,85.7,788,,,,
Irvine,2017,black,78.0,100,,,,
Irvine,2017,hispanic_latino,77.4,1243,,,,
Irvine,2017,asian,89.7,2357,,,,
Irvine,2017,aian,100.0,2,,,,
Irvine,2017,nhpi,81.8,22,,,,
Irvine,2017,two_or_more,84.2,273,,,,
Irvine,2017,international,76.8,267,,,,
Irvine,2017,unknown,91.7,48,,,,
Irvine,2017,urm_basic,77.5,1367,,,,
Irvine,2017,pell,82.5,2292,,,,
Irvine,2017,loan_no_pell,86.7,1006,,,,
Irvine,2017,no_loan_no_pell,87.0,1802,,,,
Irvine,2017,__campus__,,,94.0,42.3,37.8,29295
Los Angeles,2017,overall,90.9,5791,,,,
Los Angeles,2017,white,92.9,1704,,,,
Los Angeles,2017,black,74.7,154,,,,
Los Angeles,2017,hispanic_latino,86.4,982,,,,
Los Angeles,2017,asian,93.6,1900,,,,
Los Angeles,2017,aian,83.3,6,,,,
Los Angeles,2017,nhpi,79.0,19,,,,
Los Angeles,2017,two_or_more,93.1,306,,,,
Los Angeles,2017,international,88.0,608,,,,
Los Angeles,2017,unknown,86.6,112,,,,
Los Angeles,2017,urm_basic,84.7,1161,,,,
Los Angeles,2017,pell,86.7,1825,,,,
Los Angeles,2017,loan_no_pell,93.9,740,,,,
Los Angeles,2017,no_loan_no_pell,92.5,3226,,,,
Los Angeles,2017,__campus__,,,96.6,33.8,29.9,30994
Riverside,2017,overall,75.0,3640,,,,
Riverside,2017,white,72.3,458,,,,
Riverside,2017,black,74.5,157,,,,
Riverside,2017,hispanic_latino,72.8,1479,,,,
Riverside,2017,asian,79.2,1298,,,,
Riverside,2017,aian,50.0,2,,,,
Riverside,2017,nhpi,50.0,4,,,,
Riverside,2017,two_or_more,77.0,165,,,,
Riverside,2017,international,59.3,54,,,,
Riverside,2017,unknown,78.3,23,,,,
Riverside,2017,urm_basic,72.8,1642,,,,
Riverside,2017,pell,73.7,2162,,,,
Riverside,2017,loan_no_pell,81.3,455,,,,
Riverside,2017,no_loan_no_pell,75.2,1023,,,,
Riverside,2017,__campus__,,,88.9,55.8,56.6,20044
San Diego,2017,overall,84.5,3444,,,,
San Diego,2017,white,85.3,687,,,,
San Diego,2017,black,69.3,62,,,,
San Diego,2017,hispanic_latino,76.4,711,,,,
San Diego,2017,asian,90.6,1401,,,,
San Diego,2017,aian,87.5,8,,,,
San Diego,2017,nhpi,100.0,3,,,,
San Diego,2017,two_or_more,,0,,,,
San Diego,2017,international,77.2,373,,,,
San Diego,2017,unknown,86.4,199,,,,
San Diego,2017,urm_basic,76.0,784,,,,
San Diego,2017,pell,82.9,1580,,,,
San Diego,2017,loan_no_pell,83.6,475,,,,
San Diego,2017,no_loan_no_pell,86.7,1389,,,,
San Diego,2017,__campus__,,,94.3,34.3,30.7,28577
Santa Barbara,2017,overall,81.5,4084,,,,
Santa Barbara,2017,white,84.2,1679,,,,
Santa Barbara,2017,black,77.5,89,,,,
Santa Barbara,2017,hispanic_latino,76.8,1047,,,,
Santa Barbara,2017,asian,83.4,843,,,,
Santa Barbara,2017,aian,62.5,8,,,,
Santa Barbara,2017,nhpi,69.2,13,,,,
Santa Barbara,2017,two_or_more,80.1,251,,,,
Santa Barbara,2017,international,81.0,105,,,,
Santa Barbara,2017,unknown,77.5,49,,,,
Santa Barbara,2017,urm_basic,76.7,1157,,,,
Santa Barbara,2017,pell,78.4,1590,,,,
Santa Barbara,2017,loan_no_pell,83.3,636,,,,
Santa Barbara,2017,no_loan_no_pell,83.5,1858,,,,
Santa Barbara,2017,__campus__,,,92.5,36.5,33.3,22181
Santa Cruz,2017,overall,77.2,3590,,,,
Santa Cruz,2017,white,79.2,1336,,,,
Santa Cruz,2017,black,77.8,63,,,,
Santa Cruz,2017,hispanic_latino,73.5,1063,,,,
Santa Cruz,2017,asian,78.6,773,,,,
Santa Cruz,2017,aian,100.0,4,,,,
Santa Cruz,2017,nhpi,83.3,6,,,,
Santa Cruz,2017,two_or_more,76.5,294,,,,
Santa Cruz,2017,international,85.7,14,,,,
Santa Cruz,2017,unknown,81.1,37,,,,
Santa Cruz,2017,urm_basic,73.9,1136,,,,
Santa Cruz,2017,pell,74.8,1521,,,,
Santa Cruz,2017,loan_no_pell,78.6,913,,,,
Santa Cruz,2017,no_loan_no_pell,79.2,1156,,,,
Santa Cruz,2017,__campus__,,,90.6,39.4,32.3,17577
Merced,2017,overall,64.4,1438,,,,
Merced,2017,white,72.1,208,,,,
Merced,2017,black,64.5,107,,,,
Merced,2017,hispanic_latino,57.4,643,,,,
Merced,2017,asian,72.2,385,,,,
Merced,2017,aian,,0,,,,
Merced,2017,nhpi,50.0,6,,,,
Merced,2017,two_or_more,64.4,73,,,,
Merced,2017,international,62.5,8,,,,
Merced,2017,unknown,62.5,8,,,,
Merced,2017,urm_basic,58.3,756,,,,
Merced,2017,pell,60.7,844,,,,
Merced,2017,loan_no_pell,72.0,282,,,,
Merced,2017,no_loan_no_pell,67.6,312,,,,
Merced,2017,__campus__,,,80.5,61.3,66.4,7375
Berkeley,2018,overall,91.4,4127,,,,
Berkeley,2018,white,91.2,1059,,,,
Berkeley,2018,black,76.6,94,,,,
Berkeley,2018,hispanic_latino,85.3,503,,,,
Berkeley,2018,asian,95.5,1628,,,,
Berkeley,2018,aian,75.0,4,,,,
Berkeley,2018,nhpi,91.7,12,,,,
Berkeley,2018,two_or_more,89.2,203,,,,
Berkeley,2018,international,87.3,536,,,,
Berkeley,2018,unknown,100.0,88,,,,
Berkeley,2018,urm_basic,84.0,613,,,,
Berkeley,2018,pell,88.8,1107,,,,
Berkeley,2018,loan_no_pell,90.6,392,,,,
Berkeley,2018,no_loan_no_pell,92.6,2628,,,,
Berkeley,2018,__campus__,,,96.9,26.8,19.5,30845
Davis,2018,overall,86.5,5167,,,,
Davis,2018,white,86.9,1581,,,,
Davis,2018,black,74.8,111,,,,
Davis,2018,hispanic_latino,80.2,883,,,,
Davis,2018,asian,91.0,1900,,,,
Davis,2018,aian,57.1,7,,,,
Davis,2018,nhpi,89.7,29,,,,
Davis,2018,two_or_more,85.3,272,,,,
Davis,2018,international,78.6,308,,,,
Davis,2018,unknown,92.1,76,,,,
Davis,2018,urm_basic,79.7,1030,,,,
Davis,2018,pell,84.1,1889,,,,
Davis,2018,loan_no_pell,87.6,801,,,,
Davis,2018,no_loan_no_pell,87.9,2477,,,,
Davis,2018,__campus__,,,92.1,38.2,32.5,30698
Irvine,2018,overall,83.4,5063,,,,
Irvine,2018,white,80.5,645,,,,
Irvine,2018,black,67.3,113,,,,
Irvine,2018,hispanic_latino,75.8,1238,,,,
Irvine,2018,asian,91.0,2219,,,,
Irvine,2018,aian,50.0,6,,,,
Irvine,2018,nhpi,84.2,19,,,,
Irvine,2018,two_or_more,76.8,181,,,,
Irvine,2018,international,78.6,588,,,,
Irvine,2018,unknown,90.7,54,,,,
Irvine,2018,urm_basic,75.1,1376,,,,
Irvine,2018,pell,81.5,2437,,,,
Irvine,2018,loan_no_pell,85.5,750,,,,
Irvine,2018,no_loan_no_pell,85.0,1876,,,,
Irvine,2018,__campus__,,,93.0,42.1,37.7,29722
Los Angeles,2018,overall,90.5,5606,,,,
Los Angeles,2018,white,90.7,1360,,,,
Los Angeles,2018,black,81.0,126,,,,
Los Angeles,2018,hispanic_latino,85.8,1038,,,,
Los Angeles,2018,asian,94.6,1673,,,,
Los Angeles,2018,aian,100.0,5,,,,
Los Angeles,2018,nhpi,100.0,18,,,,
Los Angeles,2018,two_or_more,87.5,264,,,,
Los Angeles,2018,international,89.9,1021,,,,
Los Angeles,2018,unknown,93.1,101,,,,
Los Angeles,2018,urm_basic,85.6,1187,,,,
Los Angeles,2018,pell,87.9,1724,,,,
Los Angeles,2018,loan_no_pell,91.6,656,,,,
Los Angeles,2018,no_loan_no_pell,91.7,3226,,,,
Los Angeles,2018,__campus__,,,97.0,33.8,29.1,31568
Riverside,2018,overall,74.5,3997,,,,
Riverside,2018,white,69.4,500,,,,
Riverside,2018,black,68.3,183,,,,
Riverside,2018,hispanic_latino,74.9,1479,,,,
Riverside,2018,asian,78.5,1485,,,,
Riverside,2018,aian,33.3,3,,,,
Riverside,2018,nhpi,40.0,5,,,,
Riverside,2018,two_or_more,76.2,206,,,,
Riverside,2018,international,51.5,103,,,,
Riverside,2018,unknown,66.7,33,,,,
Riverside,2018,urm_basic,74.0,1670,,,,
Riverside,2018,pell,75.3,2245,,,,
Riverside,2018,loan_no_pell,76.9,579,,,,
Riverside,2018,no_loan_no_pell,72.0,1173,,,,
Riverside,2018,__campus__,,,89.2,53.9,50.2,20574
San Diego,2018,overall,85.9,4573,,,,
San Diego,2018,white,84.9,953,,,,
San Diego,2018,black,88.8,89,,,,
San Diego,2018,hispanic_latino,76.4,614,,,,
San Diego,2018,asian,91.6,2102,,,,
San Diego,2018,aian,85.7,14,,,,
San Diego,2018,nhpi,55.6,9,,,,
San Diego,2018,two_or_more,,0,,,,
San Diego,2018,international,77.2,681,,,,
San Diego,2018,unknown,92.8,111,,,,
San Diego,2018,urm_basic,77.8,726,,,,
San Diego,2018,pell,83.2,1367,,,,
San Diego,2018,loan_no_pell,89.9,706,,,,
San Diego,2018,no_loan_no_pell,86.2,2500,,,,
San Diego,2018,__campus__,,,94.1,36.3,36.1,30279
Santa Barbara,2018,overall,81.8,4722,,,,
Santa Barbara,2018,white,84.3,1765,,,,
Santa Barbara,2018,black,77.1,96,,,,
Santa Barbara,2018,hispanic_latino,78.3,1178,,,,
Santa Barbara,2018,asian,82.1,1071,,,,
Santa Barbara,2018,aian,75.0,8,,,,
Santa Barbara,2018,nhpi,90.9,11,,,,
Santa Barbara,2018,two_or_more,85.4,308,,,,
Santa Barbara,2018,international,75.9,228,,,,
Santa Barbara,2018,unknown,86.0,57,,,,
Santa Barbara,2018,urm_basic,78.3,1293,,,,
Santa Barbara,2018,pell,80.2,1930,,,,
Santa Barbara,2018,loan_no_pell,84.2,633,,,,
Santa Barbara,2018,no_loan_no_pell,82.7,2159,,,,
Santa Barbara,2018,__campus__,,,92.5,37.1,32.0,23063
Santa Cruz,2018,overall,74.5,3815,,,,
Santa Cruz,2018,white,76.8,1222,,,,
Santa Cruz,2018,black,60.3,78,,,,
Santa Cruz,2018,hispanic_latino,70.1,1305,,,,
Santa Cruz,2018,asian,79.6,883,,,,
Santa Cruz,2018,aian,25.0,8,,,,
Santa Cruz,2018,nhpi,50.0,8,,,,
Santa Cruz,2018,two_or_more,75.0,252,,,,
Santa Cruz,2018,international,62.5,16,,,,
Santa Cruz,2018,unknown,74.4,43,,,,
Santa Cruz,2018,urm_basic,69.2,1399,,,,
Santa Cruz,2018,pell,71.8,1902,,,,
Santa Cruz,2018,loan_no_pell,77.4,810,,,,
Santa Cruz,2018,no_loan_no_pell,76.9,1103,,,,
Santa Cruz,2018,__campus__,,,87.8,37.2,30.4,17792
Merced,2018,overall,66.1,1489,,,,
Merced,2018,white,70.8,202,,,,
Merced,2018,black,66.7,96,,,,
Merced,2018,hispanic_latino,63.4,689,,,,
Merced,2018,asian,68.6,369,,,,
Merced,2018,aian,50.0,4,,,,
Merced,2018,nhpi,75.0,8,,,,
Merced,2018,two_or_more,59.3,59,,,,
Merced,2018,international,67.3,49,,,,
Merced,2018,unknown,92.3,13,,,,
Merced,2018,urm_basic,63.9,797,,,,
Merced,2018,pell,64.7,932,,,,
Merced,2018,loan_no_pell,65.5,220,,,,
Merced,2018,no_loan_no_pell,70.6,337,,,,
Merced,2018,__campus__,,,81.5,64.3,66.5,7881
Berkeley,2019,overall,92.6,4677,,,,
Berkeley,2019,white,92.0,1195,,,,
Berkeley,2019,black,76.2,84,,,,
Berkeley,2019,hispanic_latino,84.0,549,,,,
Berkeley,2019,asian,97.1,1700,,,,
Berkeley,2019,aian,100.0,3,,,,
Berkeley,2019,nhpi,75.0,12,,,,
Berkeley,2019,two_or_more,91.9,186,,,,
Berkeley,2019,international,91.5,836,,,,
Berkeley,2019,unknown,95.5,112,,,,
Berkeley,2019,urm_basic,82.9,648,,,,
Berkeley,2019,pell,88.3,1127,,,,
Berkeley,2019,loan_no_pell,92.7,396,,,,
Berkeley,2019,no_loan_no_pell,94.1,3154,,,,
Berkeley,2019,__campus__,,,96.9,26.7,22.8,31345
Davis,2019,overall,86.7,5070,,,,
Davis,2019,white,88.8,1445,,,,
Davis,2019,black,85.6,90,,,,
Davis,2019,hispanic_latino,80.3,909,,,,
Davis,2019,asian,89.3,1671,,,,
Davis,2019,aian,90.0,10,,,,
Davis,2019,nhpi,79.2,24,,,,
Davis,2019,two_or_more,86.3,284,,,,
Davis,2019,international,84.2,557,,,,
Davis,2019,unknown,86.2,80,,,,
Davis,2019,urm_basic,80.8,1033,,,,
Davis,2019,pell,82.9,1892,,,,
Davis,2019,loan_no_pell,87.6,661,,,,
Davis,2019,no_loan_no_pell,89.2,2517,,,,
Davis,2019,__campus__,,,92.4,36.7,31.9,30962
Irvine,2019,overall,84.4,5449,,,,
Irvine,2019,white,86.1,676,,,,
Irvine,2019,black,80.7,93,,,,
Irvine,2019,hispanic_latino,78.5,1349,,,,
Irvine,2019,asian,88.4,2195,,,,
Irvine,2019,aian,75.0,8,,,,
Irvine,2019,nhpi,84.6,26,,,,
Irvine,2019,two_or_more,83.2,143,,,,
Irvine,2019,international,82.6,874,,,,
Irvine,2019,unknown,85.9,85,,,,
Irvine,2019,urm_basic,78.7,1476,,,,
Irvine,2019,pell,83.7,2538,,,,
Irvine,2019,loan_no_pell,83.4,872,,,,
Irvine,2019,no_loan_no_pell,85.7,2039,,,,
Irvine,2019,__campus__,,,93.9,40.0,33.5,30367
Los Angeles,2019,overall,91.5,5684,,,,
Los Angeles,2019,white,93.6,1567,,,,
Los Angeles,2019,black,79.5,171,,,,
Los Angeles,2019,hispanic_latino,86.8,1135,,,,
Los Angeles,2019,asian,94.3,1729,,,,
Los Angeles,2019,aian,62.5,8,,,,
Los Angeles,2019,nhpi,94.4,18,,,,
Los Angeles,2019,two_or_more,91.1,293,,,,
Los Angeles,2019,international,90.6,650,,,,
Los Angeles,2019,unknown,92.0,113,,,,
Los Angeles,2019,urm_basic,85.8,1332,,,,
Los Angeles,2019,pell,88.7,1791,,,,
Los Angeles,2019,loan_no_pell,91.9,669,,,,
Los Angeles,2019,no_loan_no_pell,93.0,3224,,,,
Los Angeles,2019,__campus__,,,96.5,31.9,25.6,31537
Riverside,2019,overall,76.0,4184,,,,
Riverside,2019,white,74.1,463,,,,
Riverside,2019,black,74.5,157,,,,
Riverside,2019,hispanic_latino,74.6,1547,,,,
Riverside,2019,asian,80.0,1670,,,,
Riverside,2019,aian,66.7,6,,,,
Riverside,2019,nhpi,57.1,7,,,,
Riverside,2019,two_or_more,68.3,205,,,,
Riverside,2019,international,57.3,89,,,,
Riverside,2019,unknown,75.0,40,,,,
Riverside,2019,urm_basic,74.5,1717,,,,
Riverside,2019,pell,75.2,2317,,,,
Riverside,2019,loan_no_pell,79.1,580,,,,
Riverside,2019,no_loan_no_pell,76.0,1287,,,,
Riverside,2019,__campus__,,,89.6,52.8,51.0,22015
San Diego,2019,overall,87.4,5217,,,,
San Diego,2019,white,85.9,1088,,,,
San Diego,2019,black,77.1,70,,,,
San Diego,2019,hispanic_latino,82.2,810,,,,
San Diego,2019,asian,92.3,2047,,,,
San Diego,2019,aian,75.0,4,,,,
San Diego,2019,nhpi,73.9,23,,,,
San Diego,2019,two_or_more,86.3,248,,,,
San Diego,2019,international,83.8,840,,,,
San Diego,2019,unknown,88.5,87,,,,
San Diego,2019,urm_basic,81.6,907,,,,
San Diego,2019,pell,84.8,1687,,,,
San Diego,2019,loan_no_pell,89.4,814,,,,
San Diego,2019,no_loan_no_pell,88.4,2716,,,,
San Diego,2019,__campus__,,,93.4,36.5,34.5,30789
Santa Barbara,2019,overall,83.4,4597,,,,
Santa Barbara,2019,white,84.9,1730,,,,
Santa Barbara,2019,black,68.0,100,,,,
Santa Barbara,2019,hispanic_latino,80.9,1186,,,,
Santa Barbara,2019,asian,83.9,931,,,,
Santa Barbara,2019,aian,75.0,8,,,,
Santa Barbara,2019,nhpi,82.3,17,,,,
Santa Barbara,2019,two_or_more,83.6,293,,,,
Santa Barbara,2019,international,86.9,259,,,,
Santa Barbara,2019,unknown,89.0,73,,,,
Santa Barbara,2019,urm_basic,79.9,1311,,,,
Santa Barbara,2019,pell,80.2,1640,,,,
Santa Barbara,2019,loan_no_pell,84.2,634,,,,
Santa Barbara,2019,no_loan_no_pell,85.4,2323,,,,
Santa Barbara,2019,__campus__,,,91.9,35.7,33.0,23337
Santa Cruz,2019,overall,75.0,3290,,,,
Santa Cruz,2019,white,76.7,1008,,,,
Santa Cruz,2019,black,69.9,83,,,,
Santa Cruz,2019,hispanic_latino,72.4,1137,,,,
Santa Cruz,2019,asian,80.5,652,,,,
Santa Cruz,2019,aian,50.0,2,,,,
Santa Cruz,2019,nhpi,37.5,8,,,,
Santa Cruz,2019,two_or_more,69.8,232,,,,
Santa Cruz,2019,international,73.5,117,,,,
Santa Cruz,2019,unknown,72.5,51,,,,
Santa Cruz,2019,urm_basic,71.9,1230,,,,
Santa Cruz,2019,pell,71.4,1432,,,,
Santa Cruz,2019,loan_no_pell,76.6,674,,,,
Santa Cruz,2019,no_loan_no_pell,78.5,1184,,,,
Santa Cruz,2019,__campus__,,,88.6,34.9,28.4,17517
Merced,2019,overall,69.5,1650,,,,
Merced,2019,white,70.3,199,,,,
Merced,2019,black,72.6,73,,,,
Merced,2019,hispanic_latino,67.7,854,,,,
Merced,2019,asian,72.7,341,,,,
Merced,2019,aian,80.0,5,,,,
Merced,2019,nhpi,85.7,14,,,,
Merced,2019,two_or_more,63.2,57,,,,
Merced,2019,international,68.4,95,,,,
Merced,2019,unknown,83.3,12,,,,
Merced,2019,urm_basic,68.4,946,,,,
Merced,2019,pell,67.9,1046,,,,
Merced,2019,loan_no_pell,68.1,257,,,,
Merced,2019,no_loan_no_pell,75.2,347,,,,
Merced,2019,__campus__,,,84.7,64.3,64.1,8151
Berkeley,2020,overall,92.3,5431,,,,
Berkeley,2020,white,93.0,1410,,,,
Berkeley,2020,black,82.5,103,,,,
Berkeley,2020,hispanic_latino,85.6,750,,,,
Berkeley,2020,asian,95.3,2036,,,,
Berkeley,2020,aian,63.6,11,,,,
Berkeley,2020,nhpi,100.0,11,,,,
Berkeley,2020,two_or_more,94.3,247,,,,
Berkeley,2020,international,90.1,725,,,,
Berkeley,2020,unknown,96.4,138,,,,
Berkeley,2020,urm_basic,85.1,875,,,,
Berkeley,2020,pell,88.8,1424,,,,
Berkeley,2020,loan_no_pell,92.2,502,,,,
Berkeley,2020,no_loan_no_pell,93.8,3505,,,,
Berkeley,2020,__campus__,,,96.1,25.9,20.8,30796
Davis,2020,overall,86.2,5351,,,,
Davis,2020,white,88.5,1369,,,,
Davis,2020,black,82.3,102,,,,
Davis,2020,hispanic_latino,78.3,1106,,,,
Davis,2020,asian,90.3,1759,,,,
Davis,2020,aian,76.9,13,,,,
Davis,2020,nhpi,78.3,23,,,,
Davis,2020,two_or_more,84.6,260,,,,
Davis,2020,international,85.2,641,,,,
Davis,2020,unknown,91.0,78,,,,
Davis,2020,urm_basic,78.6,1244,,,,
Davis,2020,pell,82.5,2001,,,,
Davis,2020,loan_no_pell,86.2,680,,,,
Davis,2020,no_loan_no_pell,89.1,2670,,,,
Davis,2020,__campus__,,,93.0,35.7,32.6,31142
Irvine,2020,overall,85.0,5420,,,,
Irvine,2020,white,87.3,663,,,,
Irvine,2020,black,81.9,94,,,,
Irvine,2020,hispanic_latino,78.7,1508,,,,
Irvine,2020,asian,90.9,1975,,,,
Irvine,2020,aian,,0,,,,
Irvine,2020,nhpi,85.7,14,,,,
Irvine,2020,two_or_more,84.8,184,,,,
Irvine,2020,international,81.1,942,,,,
Irvine,2020,unknown,87.5,40,,,,
Irvine,2020,urm_basic,79.0,1616,,,,
Irvine,2020,pell,82.9,2308,,,,
Irvine,2020,loan_no_pell,87.2,869,,,,
Irvine,2020,no_loan_no_pell,86.2,2243,,,,
Irvine,2020,__campus__,,,94.4,38.7,38.1,29627
Los Angeles,2020,overall,91.3,5749,,,,
Los Angeles,2020,white,93.5,1543,,,,
Los Angeles,2020,black,81.3,187,,,,
Los Angeles,2020,hispanic_latino,87.0,1179,,,,
Los Angeles,2020,asian,93.7,1728,,,,
Los Angeles,2020,aian,81.8,11,,,,
Los Angeles,2020,nhpi,81.2,16,,,,
Los Angeles,2020,two_or_more,91.2,297,,,,
Los Angeles,2020,international,90.7,696,,,,
Los Angeles,2020,unknown,92.4,92,,,,
Los Angeles,2020,urm_basic,86.1,1393,,,,
Los Angeles,2020,pell,88.2,1724,,,,
Los Angeles,2020,loan_no_pell,90.7,635,,,,
Los Angeles,2020,no_loan_no_pell,93.0,3390,,,,
Los Angeles,2020,__campus__,,,95.6,30.5,25.1,31636
Riverside,2020,overall,77.3,4271,,,,
Riverside,2020,white,78.5,512,,,,
Riverside,2020,black,78.1,151,,,,
Riverside,2020,hispanic_latino,73.7,1526,,,,
Riverside,2020,asian,81.8,1688,,,,
Riverside,2020,aian,62.5,8,,,,
Riverside,2020,nhpi,62.5,8,,,,
Riverside,2020,two_or_more,74.3,222,,,,
Riverside,2020,international,61.3,124,,,,
Riverside,2020,unknown,78.1,32,,,,
Riverside,2020,urm_basic,74.0,1693,,,,
Riverside,2020,pell,76.9,2218,,,,
Riverside,2020,loan_no_pell,80.5,606,,,,
Riverside,2020,no_loan_no_pell,76.5,1447,,,,
Riverside,2020,__campus__,,,91.0,51.5,47.0,22609
San Diego,2020,overall,87.1,4913,,,,
San Diego,2020,white,85.4,830,,,,
San Diego,2020,black,77.1,48,,,,
San Diego,2020,hispanic_latino,79.7,857,,,,
San Diego,2020,asian,92.3,1863,,,,
San Diego,2020,aian,100.0,3,,,,
San Diego,2020,nhpi,100.0,9,,,,
San Diego,2020,two_or_more,86.9,222,,,,
San Diego,2020,international,85.8,1004,,,,
San Diego,2020,unknown,85.7,77,,,,
San Diego,2020,urm_basic,79.8,917,,,,
San Diego,2020,pell,84.0,1642,,,,
San Diego,2020,loan_no_pell,89.6,604,,,,
San Diego,2020,no_loan_no_pell,88.4,2667,,,,
San Diego,2020,__campus__,,,94.2,35.3,31.6,31827
Santa Barbara,2020,overall,84.0,4725,,,,
Santa Barbara,2020,white,86.8,1586,,,,
Santa Barbara,2020,black,78.4,111,,,,
Santa Barbara,2020,hispanic_latino,78.6,1241,,,,
Santa Barbara,2020,asian,85.5,1081,,,,
Santa Barbara,2020,aian,83.3,12,,,,
Santa Barbara,2020,nhpi,94.1,17,,,,
Santa Barbara,2020,two_or_more,87.1,271,,,,
Santa Barbara,2020,international,85.1,348,,,,
Santa Barbara,2020,unknown,81.0,58,,,,
Santa Barbara,2020,urm_basic,78.8,1381,,,,
Santa Barbara,2020,pell,81.1,1809,,,,
Santa Barbara,2020,loan_no_pell,82.8,626,,,,
Santa Barbara,2020,no_loan_no_pell,86.6,2290,,,,
Santa Barbara,2020,__campus__,,,90.8,33.2,28.9,23166
Santa Cruz,2020,overall,75.5,4008,,,,
Santa Cruz,2020,white,76.2,1193,,,,
Santa Cruz,2020,black,74.1,81,,,,
Santa Cruz,2020,hispanic_latino,71.2,1249,,,,
Santa Cruz,2020,asian,82.5,870,,,,
Santa Cruz,2020,aian,80.0,5,,,,
Santa Cruz,2020,nhpi,60.0,10,,,,
Santa Cruz,2020,two_or_more,73.3,322,,,,
Santa Cruz,2020,international,72.5,218,,,,
Santa Cruz,2020,unknown,80.0,60,,,,
Santa Cruz,2020,urm_basic,71.3,1345,,,,
Santa Cruz,2020,pell,74.0,1621,,,,
Santa Cruz,2020,loan_no_pell,76.7,618,,,,
Santa Cruz,2020,no_loan_no_pell,76.5,1769,,,,
Santa Cruz,2020,__campus__,,,84.9,32.0,26.9,17207
Merced,2020,overall,68.7,1546,,,,
Merced,2020,white,58.6,169,,,,
Merced,2020,black,68.4,76,,,,
Merced,2020,hispanic_latino,69.0,745,,,,
Merced,2020,asian,71.5,376,,,,
Merced,2020,aian,80.0,5,,,,
Merced,2020,nhpi,80.0,10,,,,
Merced,2020,two_or_more,68.8,64,,,,
Merced,2020,international,72.2,90,,,,
Merced,2020,unknown,63.6,11,,,,
Merced,2020,urm_basic,69.1,836,,,,
Merced,2020,pell,67.8,958,,,,
Merced,2020,loan_no_pell,70.1,271,,,,
Merced,2020,no_loan_no_pell,70.3,317,,,,
Merced,2020,__campus__,,,86.3,63.9,65.0,8276
Berkeley,2021,overall,92.8,5510,,,,
Berkeley,2021,white,93.1,1381,,,,
Berkeley,2021,black,81.4,97,,,,
Berkeley,2021,hispanic_latino,85.4,692,,,,
Berkeley,2021,asian,95.8,2141,,,,
Berkeley,2021,aian,76.9,13,,,,
Berkeley,2021,nhpi,75.0,12,,,,
Berkeley,2021,two_or_more,91.9,283,,,,
Berkeley,2021,international,92.0,687,,,,
Berkeley,2021,unknown,96.6,204,,,,
Berkeley,2021,urm_basic,84.6,814,,,,
Berkeley,2021,pell,88.6,1267,,,,
Berkeley,2021,loan_no_pell,88.7,496,,,,
Berkeley,2021,no_loan_no_pell,94.8,3747,,,,
Berkeley,2021,__campus__,,,96.2,27.2,25.5,31811
Davis,2021,overall,86.9,5323,,,,
Davis,2021,white,88.2,1271,,,,
Davis,2021,black,82.5,114,,,,
Davis,2021,hispanic_latino,82.4,1052,,,,
Davis,2021,asian,91.4,1534,,,,
Davis,2021,aian,100.0,6,,,,
Davis,2021,nhpi,95.7,23,,,,
Davis,2021,two_or_more,86.8,249,,,,
Davis,2021,international,83.2,993,,,,
Davis,2021,unknown,91.4,81,,,,
Davis,2021,urm_basic,82.8,1195,,,,
Davis,2021,pell,85.0,1793,,,,
Davis,2021,loan_no_pell,88.8,663,,,,
Davis,2021,no_loan_no_pell,87.7,2867,,,,
Davis,2021,__campus__,,,91.0,34.3,29.5,31637
Irvine,2021,overall,83.7,5737,,,,
Irvine,2021,white,82.5,674,,,,
Irvine,2021,black,78.9,109,,,,
Irvine,2021,hispanic_latino,76.6,1563,,,,
Irvine,2021,asian,89.9,1806,,,,
Irvine,2021,aian,75.0,4,,,,
Irvine,2021,nhpi,75.0,24,,,,
Irvine,2021,two_or_more,85.0,186,,,,
Irvine,2021,international,84.5,1319,,,,
Irvine,2021,unknown,84.6,52,,,,
Irvine,2021,urm_basic,76.7,1700,,,,
Irvine,2021,pell,81.8,2334,,,,
Irvine,2021,loan_no_pell,85.2,811,,,,
Irvine,2021,no_loan_no_pell,84.9,2592,,,,
Irvine,2021,__campus__,,,93.5,38.4,39.4,29438
Los Angeles,2021,overall,92.1,5667,,,,
Los Angeles,2021,white,93.2,1517,,,,
Los Angeles,2021,black,79.8,193,,,,
Los Angeles,2021,hispanic_latino,88.8,1171,,,,
Los Angeles,2021,asian,95.0,1722,,,,
Los Angeles,2021,aian,88.9,9,,,,
Los Angeles,2021,nhpi,77.3,22,,,,
Los Angeles,2021,two_or_more,92.8,293,,,,
Los Angeles,2021,international,91.4,628,,,,
Los Angeles,2021,unknown,94.6,112,,,,
Los Angeles,2021,urm_basic,87.4,1395,,,,
Los Angeles,2021,pell,88.2,1685,,,,
Los Angeles,2021,loan_no_pell,94.3,627,,,,
Los Angeles,2021,no_loan_no_pell,93.7,3355,,,,
Los Angeles,2021,__campus__,,,96.9,28.4,22.2,32122
Riverside,2021,overall,76.4,4017,,,,
Riverside,2021,white,72.0,440,,,,
Riverside,2021,black,69.5,118,,,,
Riverside,2021,hispanic_latino,74.8,1498,,,,
Riverside,2021,asian,80.2,1560,,,,
Riverside,2021,aian,40.0,5,,,,
Riverside,2021,nhpi,66.7,9,,,,
Riverside,2021,two_or_more,76.9,255,,,,
Riverside,2021,international,70.9,86,,,,
Riverside,2021,unknown,76.1,46,,,,
Riverside,2021,urm_basic,74.3,1630,,,,
Riverside,2021,pell,75.0,2120,,,,
Riverside,2021,loan_no_pell,78.5,581,,,,
Riverside,2021,no_loan_no_pell,77.9,1316,,,,
Riverside,2021,__campus__,,,88.2,50.0,49.1,22817
San Diego,2021,overall,89.3,5286,,,,
San Diego,2021,white,88.8,934,,,,
San Diego,2021,black,82.5,57,,,,
San Diego,2021,hispanic_latino,81.9,725,,,,
San Diego,2021,asian,93.5,1915,,,,
San Diego,2021,aian,100.0,5,,,,
San Diego,2021,nhpi,72.7,11,,,,
San Diego,2021,two_or_more,91.8,245,,,,
San Diego,2021,international,87.5,1285,,,,
San Diego,2021,unknown,91.7,109,,,,
San Diego,2021,urm_basic,82.0,798,,,,
San Diego,2021,pell,87.6,1373,,,,
San Diego,2021,loan_no_pell,88.1,698,,,,
San Diego,2021,no_loan_no_pell,90.4,3215,,,,
San Diego,2021,__campus__,,,95.0,33.4,24.1,33339
Santa Barbara,2021,overall,85.4,4459,,,,
Santa Barbara,2021,white,87.9,1401,,,,
Santa Barbara,2021,black,76.4,106,,,,
Santa Barbara,2021,hispanic_latino,81.4,1250,,,,
Santa Barbara,2021,asian,89.3,993,,,,
Santa Barbara,2021,aian,66.7,9,,,,
Santa Barbara,2021,nhpi,83.3,12,,,,
Santa Barbara,2021,two_or_more,83.6,281,,,,
Santa Barbara,2021,international,83.6,341,,,,
Santa Barbara,2021,unknown,83.3,66,,,,
Santa Barbara,2021,urm_basic,80.9,1377,,,,
Santa Barbara,2021,pell,83.3,1732,,,,
Santa Barbara,2021,loan_no_pell,85.6,535,,,,
Santa Barbara,2021,no_loan_no_pell,87.0,2192,,,,
Santa Barbara,2021,__campus__,,,91.2,32.0,27.8,23081
Santa Cruz,2021,overall,78.1,3605,,,,
Santa Cruz,2021,white,77.5,1096,,,,
Santa Cruz,2021,black,59.0,61,,,,
Santa Cruz,2021,hispanic_latino,73.9,956,,,,
Santa Cruz,2021,asian,84.9,871,,,,
Santa Cruz,2021,aian,100.0,1,,,,
Santa Cruz,2021,nhpi,72.7,11,,,,
Santa Cruz,2021,two_or_more,78.9,289,,,,
Santa Cruz,2021,international,75.6,262,,,,
Santa Cruz,2021,unknown,84.5,58,,,,
Santa Cruz,2021,urm_basic,73.0,1029,,,,
Santa Cruz,2021,pell,78.1,1299,,,,
Santa Cruz,2021,loan_no_pell,75.2,553,,,,
Santa Cruz,2021,no_loan_no_pell,79.0,1753,,,,
Santa Cruz,2021,__campus__,,,88.9,31.8,31.4,17864
Merced,2021,overall,71.7,1781,,,,
Merced,2021,white,74.9,183,,,,
Merced,2021,black,63.9,61,,,,
Merced,2021,hispanic_latino,68.8,960,,,,
Merced,2021,asian,78.5,363,,,,
Merced,2021,aian,100.0,2,,,,
Merced,2021,nhpi,66.7,18,,,,
Merced,2021,two_or_more,63.8,58,,,,
Merced,2021,international,78.0,127,,,,
Merced,2021,unknown,55.6,9,,,,
Merced,2021,urm_basic,68.5,1041,,,,
Merced,2021,pell,69.2,1141,,,,
Merced,2021,loan_no_pell,73.7,255,,,,
Merced,2021,no_loan_no_pell,77.7,385,,,,
Merced,2021,__campus__,,,78.8,63.0,64.9,8321
Berkeley,2022,overall,94.0,6199,,,,
Berkeley,2022,white,95.2,1547,,,,
Berkeley,2022,black,80.7,93,,,,
Berkeley,2022,hispanic_latino,87.5,838,,,,
Berkeley,2022,asian,96.3,2394,,,,
Berkeley,2022,aian,100.0,4,,,,
Berkeley,2022,nhpi,93.3,15,,,,
Berkeley,2022,two_or_more,92.0,311,,,,
Berkeley,2022,international,93.8,741,,,,
Berkeley,2022,unknown,95.3,256,,,,
Berkeley,2022,urm_basic,86.9,950,,,,
Berkeley,2022,pell,88.8,1205,,,,
Berkeley,2022,loan_no_pell,91.7,469,,,,
Berkeley,2022,no_loan_no_pell,95.7,4525,,,,
Berkeley,2022,__campus__,,,95.9,27.1,22.7,32475
Davis,2022,overall,86.3,5697,,,,
Davis,2022,white,87.5,1380,,,,
Davis,2022,black,77.8,108,,,,
Davis,2022,hispanic_latino,80.5,1290,,,,
Davis,2022,asian,90.8,1583,,,,
Davis,2022,aian,100.0,4,,,,
Davis,2022,nhpi,76.0,25,,,,
Davis,2022,two_or_more,89.5,277,,,,
Davis,2022,international,85.1,948,,,,
Davis,2022,unknown,89.0,82,,,,
Davis,2022,urm_basic,80.2,1427,,,,
Davis,2022,pell,81.4,1891,,,,
Davis,2022,loan_no_pell,87.2,733,,,,
Davis,2022,no_loan_no_pell,89.2,3073,,,,
Davis,2022,__campus__,,,91.9,32.8,26.7,31512
Irvine,2022,overall,86.6,6540,,,,
Irvine,2022,white,86.8,729,,,,
Irvine,2022,black,77.3,119,,,,
Irvine,2022,hispanic_latino,80.8,1714,,,,
Irvine,2022,asian,92.1,2204,,,,
Irvine,2022,aian,100.0,1,,,,
Irvine,2022,nhpi,82.3,17,,,,
Irvine,2022,two_or_more,84.7,268,,,,
Irvine,2022,international,85.8,1418,,,,
Irvine,2022,unknown,95.7,70,,,,
Irvine,2022,urm_basic,80.6,1851,,,,
Irvine,2022,pell,85.0,2442,,,,
Irvine,2022,loan_no_pell,86.4,846,,,,
Irvine,2022,no_loan_no_pell,87.8,3252,,,,
Irvine,2022,__campus__,,,91.3,37.9,35.9,28651
Los Angeles,2022,overall,92.5,6527,,,,
Los Angeles,2022,white,93.2,1631,,,,
Los Angeles,2022,black,84.2,221,,,,
Los Angeles,2022,hispanic_latino,89.8,1528,,,,
Los Angeles,2022,asian,95.5,1848,,,,
Los Angeles,2022,aian,81.0,21,,,,
Los Angeles,2022,nhpi,80.0,20,,,,
Los Angeles,2022,two_or_more,93.3,372,,,,
Los Angeles,2022,international,91.5,726,,,,
Los Angeles,2022,unknown,93.8,160,,,,
Los Angeles,2022,urm_basic,88.9,1790,,,,
Los Angeles,2022,pell,88.9,1954,,,,
Los Angeles,2022,loan_no_pell,93.5,723,,,,
Los Angeles,2022,no_loan_no_pell,94.1,3850,,,,
Los Angeles,2022,__campus__,,,96.6,27.2,22.8,32423
Riverside,2022,overall,76.0,5343,,,,
Riverside,2022,white,74.6,515,,,,
Riverside,2022,black,71.7,180,,,,
Riverside,2022,hispanic_latino,73.9,2556,,,,
Riverside,2022,asian,82.8,1605,,,,
Riverside,2022,aian,66.7,3,,,,
Riverside,2022,nhpi,75.0,8,,,,
Riverside,2022,two_or_more,69.0,316,,,,
Riverside,2022,international,64.8,108,,,,
Riverside,2022,unknown,69.2,52,,,,
Riverside,2022,urm_basic,73.7,2747,,,,
Riverside,2022,pell,75.2,3024,,,,
Riverside,2022,loan_no_pell,80.2,708,,,,
Riverside,2022,no_loan_no_pell,75.7,1611,,,,
Riverside,2022,__campus__,,,87.4,49.4,46.3,22842
San Diego,2022,overall,87.7,5714,,,,
San Diego,2022,white,88.2,887,,,,
San Diego,2022,black,74.4,86,,,,
San Diego,2022,hispanic_latino,82.2,1171,,,,
San Diego,2022,asian,92.1,1957,,,,
San Diego,2022,aian,42.9,7,,,,
San Diego,2022,nhpi,92.3,13,,,,
San Diego,2022,two_or_more,87.2,257,,,,
San Diego,2022,international,86.4,1239,,,,
San Diego,2022,unknown,94.8,97,,,,
San Diego,2022,urm_basic,81.5,1277,,,,
San Diego,2022,pell,83.9,1756,,,,
San Diego,2022,loan_no_pell,87.8,737,,,,
San Diego,2022,no_loan_no_pell,89.8,3221,,,,
San Diego,2022,__campus__,,,93.4,31.9,28.8,33092
Santa Barbara,2022,overall,85.7,4982,,,,
Santa Barbara,2022,white,88.3,1556,,,,
Santa Barbara,2022,black,80.7,83,,,,
Santa Barbara,2022,hispanic_latino,81.4,1337,,,,
Santa Barbara,2022,asian,89.7,930,,,,
Santa Barbara,2022,aian,85.7,7,,,,
Santa Barbara,2022,nhpi,85.0,20,,,,
Santa Barbara,2022,two_or_more,82.6,436,,,,
Santa Barbara,2022,international,84.1,546,,,,
Santa Barbara,2022,unknown,94.0,67,,,,
Santa Barbara,2022,urm_basic,81.4,1447,,,,
Santa Barbara,2022,pell,82.0,1675,,,,
Santa Barbara,2022,loan_no_pell,87.2,577,,,,
Santa Barbara,2022,no_loan_no_pell,87.6,2730,,,,
Santa Barbara,2022,__campus__,,,92.4,30.1,26.2,23419
Santa Cruz,2022,overall,76.9,4193,,,,
Santa Cruz,2022,white,76.9,1312,,,,
Santa Cruz,2022,black,70.4,81,,,,
Santa Cruz,2022,hispanic_latino,75.1,1075,,,,
Santa Cruz,2022,asian,79.3,1010,,,,
Santa Cruz,2022,aian,83.3,6,,,,
Santa Cruz,2022,nhpi,80.0,5,,,,
Santa Cruz,2022,two_or_more,78.2,362,,,,
Santa Cruz,2022,international,75.0,264,,,,
Santa Cruz,2022,unknown,78.2,78,,,,
Santa Cruz,2022,urm_basic,74.8,1167,,,,
Santa Cruz,2022,pell,77.2,1355,,,,
Santa Cruz,2022,loan_no_pell,73.9,670,,,,
Santa Cruz,2022,no_loan_no_pell,77.7,2168,,,,
Santa Cruz,2022,__campus__,,,88.0,32.0,33.0,17502
Merced,2022,overall,67.5,2040,,,,
Merced,2022,white,64.7,190,,,,
Merced,2022,black,77.8,108,,,,
Merced,2022,hispanic_latino,63.6,1133,,,,
Merced,2022,asian,79.1,373,,,,
Merced,2022,aian,,0,,,,
Merced,2022,nhpi,75.0,12,,,,
Merced,2022,two_or_more,60.3,58,,,,
Merced,2022,international,66.2,157,,,,
Merced,2022,unknown,55.6,9,,,,
Merced,2022,urm_basic,65.0,1253,,,,
Merced,2022,pell,68.2,1334,,,,
Merced,2022,loan_no_pell,99.6,276,,,,
Merced,2022,no_loan_no_pell,44.4,430,,,,
Merced,2022,__campus__,,,82.0,61.3,59.1,8343
Berkeley,2023,overall,92.9,6344,,,,
Berkeley,2023,white,92.2,1562,,,,
Berkeley,2023,black,88.1,101,,,,
Berkeley,2023,hispanic_latino,86.9,895,,,,
Berkeley,2023,asian,96.1,2436,,,,
Berkeley,2023,aian,33.3,6,,,,
Berkeley,2023,nhpi,90.5,21,,,,
Berkeley,2023,two_or_more,91.8,356,,,,
Berkeley,2023,international,91.6,741,,,,
Berkeley,2023,unknown,96.0,226,,,,
Berkeley,2023,urm_basic,86.8,1023,,,,
Berkeley,2023,pell,88.4,1241,,,,
Berkeley,2023,loan_no_pell,90.8,513,,,,
Berkeley,2023,no_loan_no_pell,94.3,4590,,,,
Berkeley,2023,__campus__,,,96.8,27.3,24.4,33073
Davis,2023,overall,85.1,5832,,,,
Davis,2023,white,86.0,1209,,,,
Davis,2023,black,69.7,109,,,,
Davis,2023,hispanic_latino,80.2,1329,,,,
Davis,2023,asian,90.5,1439,,,,
Davis,2023,aian,90.0,10,,,,
Davis,2023,nhpi,83.3,18,,,,
Davis,2023,two_or_more,86.4,280,,,,
Davis,2023,international,84.1,1372,,,,
Davis,2023,unknown,86.4,66,,,,
Davis,2023,urm_basic,79.5,1466,,,,
Davis,2023,pell,81.3,1881,,,,
Davis,2023,loan_no_pell,86.8,582,,,,
Davis,2023,no_loan_no_pell,86.9,3369,,,,
Davis,2023,__campus__,,,93.4,30.8,25.2,31777
Irvine,2023,overall,86.0,6534,,,,
Irvine,2023,white,82.9,724,,,,
Irvine,2023,black,77.8,135,,,,
Irvine,2023,hispanic_latino,79.8,1729,,,,
Irvine,2023,asian,90.9,2453,,,,
Irvine,2023,aian,75.0,4,,,,
Irvine,2023,nhpi,75.0,16,,,,
Irvine,2023,two_or_more,89.0,272,,,,
Irvine,2023,international,86.8,1135,,,,
Irvine,2023,unknown,89.4,66,,,,
Irvine,2023,urm_basic,79.6,1884,,,,
Irvine,2023,pell,83.8,2464,,,,
Irvine,2023,loan_no_pell,84.5,755,,,,
Irvine,2023,no_loan_no_pell,87.9,3315,,,,
Irvine,2023,__campus__,,,93.8,37.3,35.3,29494
Los Angeles,2023,overall,92.7,6020,,,,
Los Angeles,2023,white,93.9,1614,,,,
Los Angeles,2023,black,85.7,189,,,,
Los Angeles,2023,hispanic_latino,88.6,1360,,,,
Los Angeles,2023,asian,96.6,1682,,,,
Los Angeles,2023,aian,81.8,11,,,,
Los Angeles,2023,nhpi,84.6,13,,,,
Los Angeles,2023,two_or_more,90.9,363,,,,
Los Angeles,2023,international,92.2,640,,,,
Los Angeles,2023,unknown,88.5,148,,,,
Los Angeles,2023,urm_basic,88.2,1573,,,,
Los Angeles,2023,pell,90.1,1748,,,,
Los Angeles,2023,loan_no_pell,92.9,616,,,,
Los Angeles,2023,no_loan_no_pell,93.8,3656,,,,
Los Angeles,2023,__campus__,,,96.8,27.1,25.9,33040
Riverside,2023,overall,76.6,4574,,,,
Riverside,2023,white,75.0,476,,,,
Riverside,2023,black,75.0,132,,,,
Riverside,2023,hispanic_latino,73.1,1866,,,,
Riverside,2023,asian,82.9,1658,,,,
Riverside,2023,aian,33.3,3,,,,
Riverside,2023,nhpi,75.0,4,,,,
Riverside,2023,two_or_more,75.0,244,,,,
Riverside,2023,international,62.5,128,,,,
Riverside,2023,unknown,65.1,63,,,,
Riverside,2023,urm_basic,73.2,2005,,,,
Riverside,2023,pell,76.1,2296,,,,
Riverside,2023,loan_no_pell,77.8,693,,,,
Riverside,2023,no_loan_no_pell,76.7,1585,,,,
Riverside,2023,__campus__,,,88.2,46.7,43.4,22644
San Diego,2023,overall,87.6,5690,,,,
San Diego,2023,white,88.3,1030,,,,
San Diego,2023,black,85.5,76,,,,
San Diego,2023,hispanic_latino,78.3,1284,,,,
San Diego,2023,asian,92.9,1911,,,,
San Diego,2023,aian,100.0,1,,,,
San Diego,2023,nhpi,90.9,11,,,,
San Diego,2023,two_or_more,88.8,267,,,,
San Diego,2023,international,88.9,1035,,,,
San Diego,2023,unknown,84.0,75,,,,
San Diego,2023,urm_basic,78.8,1372,,,,
San Diego,2023,pell,82.8,2052,,,,
San Diego,2023,loan_no_pell,89.3,665,,,,
San Diego,2023,no_loan_no_pell,90.6,2973,,,,
San Diego,2023,__campus__,,,93.9,32.9,40.2,33787
Santa Barbara,2023,overall,85.6,4514,,,,
Santa Barbara,2023,white,88.6,1398,,,,
Santa Barbara,2023,black,85.8,120,,,,
Santa Barbara,2023,hispanic_latino,78.8,1144,,,,
Santa Barbara,2023,asian,89.0,907,,,,
Santa Barbara,2023,aian,75.0,12,,,,
Santa Barbara,2023,nhpi,64.3,14,,,,
Santa Barbara,2023,two_or_more,90.9,298,,,,
Santa Barbara,2023,international,84.2,550,,,,
Santa Barbara,2023,unknown,88.7,71,,,,
Santa Barbara,2023,urm_basic,79.3,1290,,,,
Santa Barbara,2023,pell,81.7,1450,,,,
Santa Barbara,2023,loan_no_pell,83.2,465,,,,
Santa Barbara,2023,no_loan_no_pell,88.3,2599,,,,
Santa Barbara,2023,__campus__,,,91.9,28.0,27.8,23205
Santa Cruz,2023,overall,74.5,4032,,,,
Santa Cruz,2023,white,73.4,1197,,,,
Santa Cruz,2023,black,74.0,77,,,,
Santa Cruz,2023,hispanic_latino,70.9,1064,,,,
Santa Cruz,2023,asian,79.1,895,,,,
Santa Cruz,2023,aian,0.0,2,,,,
Santa Cruz,2023,nhpi,71.4,7,,,,
Santa Cruz,2023,two_or_more,74.6,319,,,,
Santa Cruz,2023,international,75.7,416,,,,
Santa Cruz,2023,unknown,83.6,55,,,,
Santa Cruz,2023,urm_basic,71.0,1150,,,,
Santa Cruz,2023,pell,70.4,1226,,,,
Santa Cruz,2023,loan_no_pell,75.2,592,,,,
Santa Cruz,2023,no_loan_no_pell,76.5,2214,,,,
Santa Cruz,2023,__campus__,,,89.7,31.8,31.6,17812
Merced,2023,overall,69.2,2285,,,,
Merced,2023,white,69.7,198,,,,
Merced,2023,black,72.8,103,,,,
Merced,2023,hispanic_latino,66.0,1316,,,,
Merced,2023,asian,76.9,386,,,,
Merced,2023,aian,50.0,4,,,,
Merced,2023,nhpi,85.7,14,,,,
Merced,2023,two_or_more,63.8,69,,,,
Merced,2023,international,73.2,179,,,,
Merced,2023,unknown,81.2,16,,,,
Merced,2023,urm_basic,66.6,1437,,,,
Merced,2023,pell,69.7,1497,,,,
Merced,2023,loan_no_pell,66.8,277,,,,
Merced,2023,no_loan_no_pell,68.9,511,,,,
Merced,2023,__campus__,,,83.1,59.0,54.6,8372
Berkeley,2024,overall,92.8,5988,,,,
Berkeley,2024,white,92.4,1288,,,,
Berkeley,2024,black,78.0,118,,,,
Berkeley,2024,hispanic_latino,85.5,915,,,,
Berkeley,2024,asian,96.0,2271,,,,
Berkeley,2024,aian,100.0,1,,,,
Berkeley,2024,nhpi,77.8,9,,,,
Berkeley,2024,two_or_more,92.7,343,,,,
Berkeley,2024,international,94.4,826,,,,
Berkeley,2024,unknown,95.9,217,,,,
Berkeley,2024,urm_basic,84.6,1043,,,,
Berkeley,2024,pell,86.9,1366,,,,
Berkeley,2024,loan_no_pell,93.2,544,,,,
Berkeley,2024,no_loan_no_pell,94.8,4078,,,,
Berkeley,2024,__campus__,,,96.8,28.6,27.3,33068
Davis,2024,overall,85.7,6296,,,,
Davis,2024,white,87.0,1242,,,,
Davis,2024,black,77.6,116,,,,
Davis,2024,hispanic_latino,80.1,1465,,,,
Davis,2024,asian,91.1,1725,,,,
Davis,2024,aian,58.3,12,,,,
Davis,2024,nhpi,73.9,23,,,,
Davis,2024,two_or_more,83.3,323,,,,
Davis,2024,international,85.1,1310,,,,
Davis,2024,unknown,87.5,80,,,,
Davis,2024,urm_basic,79.7,1616,,,,
Davis,2024,pell,81.5,2008,,,,
Davis,2024,loan_no_pell,85.0,641,,,,
Davis,2024,no_loan_no_pell,88.1,3647,,,,
Davis,2024,__campus__,,,92.8,31.4,32.5,32253
Irvine,2024,overall,86.9,5779,,,,
Irvine,2024,white,86.3,599,,,,
Irvine,2024,black,82.2,152,,,,
Irvine,2024,hispanic_latino,80.3,1390,,,,
Irvine,2024,asian,92.4,2176,,,,
Irvine,2024,aian,100.0,5,,,,
Irvine,2024,nhpi,77.8,18,,,,
Irvine,2024,two_or_more,87.1,280,,,,
Irvine,2024,international,84.9,1081,,,,
Irvine,2024,unknown,91.0,78,,,,
Irvine,2024,urm_basic,80.5,1565,,,,
Irvine,2024,pell,84.3,1938,,,,
Irvine,2024,loan_no_pell,87.4,613,,,,
Irvine,2024,no_loan_no_pell,88.3,3228,,,,
Irvine,2024,__campus__,,,94.0,36.1,31.1,30197
Los Angeles,2024,overall,92.6,6232,,,,
Los Angeles,2024,white,93.6,1640,,,,
Los Angeles,2024,black,84.4,218,,,,
Los Angeles,2024,hispanic_latino,87.5,1236,,,,
Los Angeles,2024,asian,95.8,1887,,,,
Los Angeles,2024,aian,68.8,16,,,,
Los Angeles,2024,nhpi,100.0,12,,,,
Los Angeles,2024,two_or_more,92.1,403,,,,
Los Angeles,2024,international,93.2,643,,,,
Los Angeles,2024,unknown,96.6,177,,,,
Los Angeles,2024,urm_basic,86.9,1482,,,,
Los Angeles,2024,pell,88.9,1580,,,,
Los Angeles,2024,loan_no_pell,90.7,604,,,,
Los Angeles,2024,no_loan_no_pell,94.4,4048,,,,
Los Angeles,2024,__campus__,,,97.3,28.2,27.2,33475
Riverside,2024,overall,76.0,4530,,,,
Riverside,2024,white,74.4,438,,,,
Riverside,2024,black,64.2,134,,,,
Riverside,2024,hispanic_latino,72.2,1755,,,,
Riverside,2024,asian,81.9,1807,,,,
Riverside,2024,aian,25.0,4,,,,
Riverside,2024,nhpi,87.5,16,,,,
Riverside,2024,two_or_more,73.8,191,,,,
Riverside,2024,international,67.5,126,,,,
Riverside,2024,unknown,69.5,59,,,,
Riverside,2024,urm_basic,71.7,1909,,,,
Riverside,2024,pell,75.4,2310,,,,
Riverside,2024,loan_no_pell,76.0,618,,,,
Riverside,2024,no_loan_no_pell,76.8,1602,,,,
Riverside,2024,__campus__,,,87.6,46.9,48.5,22593
San Diego,2024,overall,86.1,6701,,,,
San Diego,2024,white,85.9,1197,,,,
San Diego,2024,black,81.6,98,,,,
San Diego,2024,hispanic_latino,77.0,1527,,,,
San Diego,2024,asian,90.8,2326,,,,
San Diego,2024,aian,100.0,6,,,,
San Diego,2024,nhpi,89.5,19,,,,
San Diego,2024,two_or_more,86.6,305,,,,
San Diego,2024,international,88.4,1100,,,,
San Diego,2024,unknown,91.1,123,,,,
San Diego,2024,urm_basic,77.5,1650,,,,
San Diego,2024,pell,82.0,2311,,,,
San Diego,2024,loan_no_pell,87.0,699,,,,
San Diego,2024,no_loan_no_pell,88.4,3691,,,,
San Diego,2024,__campus__,,,94.0,34.2,36.5,34948
Santa Barbara,2024,overall,83.0,5084,,,,
Santa Barbara,2024,white,84.0,1398,,,,
Santa Barbara,2024,black,80.2,81,,,,
Santa Barbara,2024,hispanic_latino,75.7,1346,,,,
Santa Barbara,2024,asian,90.3,1131,,,,
Santa Barbara,2024,aian,100.0,6,,,,
Santa Barbara,2024,nhpi,100.0,9,,,,
Santa Barbara,2024,two_or_more,85.0,320,,,,
Santa Barbara,2024,international,81.8,719,,,,
Santa Barbara,2024,unknown,90.5,74,,,,
Santa Barbara,2024,urm_basic,76.2,1442,,,,
Santa Barbara,2024,pell,79.9,1702,,,,
Santa Barbara,2024,loan_no_pell,84.2,474,,,,
Santa Barbara,2024,no_loan_no_pell,84.7,2908,,,,
Santa Barbara,2024,__campus__,,,93.0,27.9,27.8,23113
Santa Cruz,2024,overall,75.1,3681,,,,
Santa Cruz,2024,white,78.0,1017,,,,
Santa Cruz,2024,black,66.7,75,,,,
Santa Cruz,2024,hispanic_latino,67.2,845,,,,
Santa Cruz,2024,asian,78.9,904,,,,
Santa Cruz,2024,aian,0.0,4,,,,
Santa Cruz,2024,nhpi,50.0,2,,,,
Santa Cruz,2024,two_or_more,75.4,293,,,,
Santa Cruz,2024,international,77.1,480,,,,
Santa Cruz,2024,unknown,78.7,61,,,,
Santa Cruz,2024,urm_basic,66.8,926,,,,
Santa Cruz,2024,pell,71.3,1045,,,,
Santa Cruz,2024,loan_no_pell,73.5,460,,,,
Santa Cruz,2024,no_loan_no_pell,77.2,2176,,,,
Santa Cruz,2024,__campus__,,,87.9,31.6,28.2,17940
Merced,2024,overall,68.7,2203,,,,
Merced,2024,white,66.9,169,,,,
Merced,2024,black,67.4,89,,,,
Merced,2024,hispanic_latino,66.7,1250,,,,
Merced,2024,asian,74.8,420,,,,
Merced,2024,aian,25.0,4,,,,
Merced,2024,nhpi,100.0,8,,,,
Merced,2024,two_or_more,71.4,77,,,,
Merced,2024,international,69.1,175,,,,
Merced,2024,unknown,72.7,11,,,,
Merced,2024,urm_basic,66.8,1351,,,,
Merced,2024,pell,68.2,1414,,,,
Merced,2024,loan_no_pell,70.1,231,,,,
Merced,2024,no_loan_no_pell,69.3,558,,,,
Merced,2024,__campus__,,,82.1,58.9,60.0,8372
