ceeb,name,city,county
050003,Agoura High School,Agoura Hills,Los Angeles
050005,Alameda High School,Alameda,Alameda
050006,Oak Park High School,Oak Park,Ventura
050011,Alameda Community Learning Ctr,Alameda,Alameda
050015,Encinal High School,Alameda,Alameda
050020,Saint Joseph-Notre Dame Hs,Alameda,Alameda
050029,Alameda Science & Technical Inst,Alameda,Alameda
050035,Albany High School,Albany,Alameda
050038,Orange Vista High School,Perris,Riverside
050050,Alhambra High School,Alhambra,Los Angeles
050051,Summit Public School Denali,Sunnyvale,Santa Clara
050055,Mark Keppel High School,Alhambra,Los Angeles
050060,Ramona Convent Secondary School,Alhambra,Los Angeles
050063,Aliso Niguel High School,Aliso Viejo,Orange
050068,Arleta High School,Arleta,Los Angeles
050075,South Tahoe High School,South Lake Tahoe,El Dorado
050077,Alta Loma High School,Alta Loma,San Bernardino
050081,Katella High School,Anaheim,Orange
050082,Cornelia Connelly School,Anaheim,Orange
050083,Magnolia High School,Anaheim,Orange
050084,Loara High School,Anaheim,Orange
050087,Savanna High School,Anaheim,Orange
050088,Servite High School,Anaheim,Orange
050090,Anaheim High School,Anaheim,Orange
050092,Western High School,Anaheim,Orange
050093,Esperanza High School,Anaheim,Orange
050100,Bret Harte Union High School,Angels Camp,Calaveras
050103,Fairmont Preparatory Academy,Anaheim,Orange
050109,Deer Valley High School,Antioch,Contra Costa
050115,Antioch High School,Antioch,Contra Costa
050118,Apple Valley High School,Apple Valley,San Bernardino
050119,Aptos High School,Aptos,Santa Cruz
050126,Academy for Academic Excellence,Apple Valley,San Bernardino
050130,Arcadia High School,Arcadia,Los Angeles
050134,Granite Hills High School,Apple Valley,San Bernardino
050135,Arcata High School,Arcata,Humboldt
050140,La Sierra Academy,Riverside,Riverside
050150,Arroyo Grande High School,Arroyo Grande,San Luis Obispo
050155,Artesia High School,Lakewood,Los Angeles
050157,Valley Christian High School,Cerritos,Los Angeles
050160,Arvin High School,Arvin,Kern
050162,Aveson Global Leadership Academy,Altadena,Los Angeles
050165,Atascadero High School,Atascadero,San Luis Obispo
050170,Menlo Atherton High School,Atherton,San Mateo
050172,Atwater High School,Atwater,Merced
050175,Placer High School,Auburn,Placer
050181,Buhach Colony High School,Atwater,Merced
050185,Avenal High School,Avenal,Kings
050188,Azusa High School,Azusa,Los Angeles
050190,Gladstone High School,Covina,Los Angeles
050196,Liberty High School,Bakersfield,Kern
050202,Ridgeview High School,Bakersfield,Kern
050205,Bakersfield High School,Bakersfield,Kern
050208,Bakersfield Christian Hs,Bakersfield,Kern
050209,Centennial High School,Bakersfield,Kern
050210,East Bakersfield High School,Bakersfield,Kern
050213,Foothill High School,Bakersfield,Kern
050215,Garces Memorial High School,Bakersfield,Kern
050217,Stockdale High School,Bakersfield,Kern
050218,Highland High School,Bakersfield,Kern
050220,North High School,Bakersfield,Kern
050223,South High School,Bakersfield,Kern
050224,West High School,Bakersfield,Kern
050225,Baldwin Park High School,Baldwin Park,Los Angeles
050228,Sierra Vista High School,Baldwin Park,Los Angeles
050230,Banning High School,Banning,Riverside
050235,Barstow High School,Barstow,San Bernardino
050238,Bassett High School,La Puente,Los Angeles
050240,Beaumont High School,Beaumont,Riverside
050245,Bell High School,Bell,Los Angeles
050255,Bellflower High School,Bellflower,Los Angeles
050259,Golden Valley High School,Bakersfield,Kern
050260,Saint John Bosco High School,Bellflower,Los Angeles
050265,Bell Gardens High School,Bell Gardens,Los Angeles
050266,Portola High School,Irvine,Orange
050270,Carlmont High School,Belmont,San Mateo
050275,Notre Dame High School,Belmont,San Mateo
050280,Benicia High School,Benicia,Solano
050285,Head-Royce School,Oakland,Alameda
050290,Berkeley High School,Berkeley,Alameda
050301,Alliance Mit 6-12 Complex,Sun Valley,Los Angeles
050306,Richmond Ca College Prepratory,Richmond,Contra Costa
050308,Rise Kohyang High School,Los Angeles,Los Angeles
050309,Girls Academic Leadership Acad,Los Angeles,Los Angeles
050310,Saint Mary's College High Scho,Berkeley,Alameda
050320,Beverly Hills High School,Beverly Hills,Los Angeles
050321,Lycee Francais De Los Angeles,Los Angeles,Los Angeles
050330,Big Bear High School,Big Bear City,San Bernardino
050334,Desert Hot Springs Hs,Desert Hot Springs,Riverside
050338,East College Prep,Los Angeles,Los Angeles
050345,Bishop Union High School,Bishop,Inyo
050348,Bloomington High School,Bloomington,San Bernardino
050365,Brawley Union High School,Brawley,Imperial
050370,Brea Olinda High School,Brea,Orange
050372,Freedom High School,Oakley,Contra Costa
050375,Liberty High School,Brentwood,Contra Costa
050378,Buena Park High School,Buena Park,Orange
050379,John F Kennedy High School,La Palma,Orange
050380,Bellarmine-Jefferson Hs,Burbank,Los Angeles
050385,Burbank High School,Burbank,Los Angeles
050386,Heritage High School,Brentwood,Contra Costa
050396,Animo Cty Champions Charter Hs,Inglewood,Los Angeles
050400,John Burroughs High School,Burbank,Los Angeles
050402,Providence High School,Burbank,Los Angeles
050404,Early College High School,Costa Mesa,Orange
050410,Burlingame High School,Burlingame,San Mateo
050415,Mercy High School,Burlingame,San Mateo
050420,Vincent Memorial Catholic Hs,Calexico,Imperial
050421,Calabasas High School,Calabasas,Los Angeles
050423,Viewpoint School,Calabasas,Los Angeles
050425,Calexico High School,Calexico,Imperial
050435,Calistoga Junior Senior High School,Calistoga,Napa
050438,Adolfo Camarillo High School,Camarillo,Ventura
050440,Coast Union High School,Cambria,San Luis Obispo
050449,Pacific Ridge School,Carlsbad,San Diego
050462,Agbu Manoogian-Demirdjian Sch,Canoga Park,Los Angeles
050465,Canoga Park High School,Canoga Park,Los Angeles
050466,Torrey Pines High School,San Diego,San Diego
050467,Faith Baptist School,Canoga Park,Los Angeles
050470,Army and Navy Academy,Carlsbad,San Diego
050472,Carlsbad High School,Carlsbad,San Diego
050475,Carmel High School,Carmel,Monterey
050489,North Monterey County High Sch,Castroville,Monterey
050490,Carpinteria High School,Carpinteria,Santa Barbara
050491,California Acad Math & Science,Carson,Los Angeles
050495,Caruthers High School,Caruthers,Fresno
050499,Redwood Christian Middle High Schl,San Lorenzo,Alameda
050500,Castro Valley High School,Castro Valley,Alameda
050508,Cathedral City High School,Cathedral City,Riverside
050517,Aquinas International Academy,Ontario,San Bernardino
050525,Ceres High School,Ceres,Stanislaus
050526,Gretchen Whitney High School,Cerritos,Los Angeles
050527,Cerritos High School,Cerritos,Los Angeles
050528,Chatsworth Charter High School,Chatsworth,Los Angeles
050545,Chico High School,Chico,Butte
050548,Pleasant Valley Sr High School,Chico,Butte
050550,Sherman E Burroughs Hs,Ridgecrest,Kern
050551,Maywood Ctr Enriched Studies,Maywood,Los Angeles
050555,Chino High School,Chino,San Bernardino
050563,Ruben S Ayala High School,Chino Hills,San Bernardino
050564,Chino Hills High School,Chino Hills,San Bernardino
050566,Don Antonio Lugo High School,Chino,San Bernardino
050570,Chowchilla Union High School,Chowchilla,Madera
050572,Bonita Vista High School,Chula Vista,San Diego
050573,Castle Park High School,Chula Vista,San Diego
050579,Eastlake High School,Chula Vista,San Diego
050580,Chula Vista High School,Chula Vista,San Diego
050581,Hilltop High School,Chula Vista,San Diego
050582,San Juan High School,Citrus Heights,Sacramento
050583,William Workman High School,City of Industry,Los Angeles
050587,Mesa Verde High School,Citrus Heights,Sacramento
050590,Claremont High School,Claremont,Los Angeles
050591,Visions in Education,Carmichael,Sacramento
050599,Vivian Webb School,Claremont,Los Angeles
050600,Webb Schools,Claremont,Los Angeles
050602,Otay Ranch High School,Chula Vista,San Diego
050605,Delta High School,Clarksburg,Yolo
050615,Clovis High School,Clovis,Fresno
050618,Buchanan High School,Clovis,Fresno
050620,Coachella Valley High School,Thermal,Riverside
050622,Clovis East High School,Clovis,Fresno
050628,Clovis North High School,Fresno,Fresno
050630,Coalinga High School,Coalinga,Fresno
050637,Colfax High School,Colfax,Placer
050640,Colton High School,Colton,San Bernardino
050650,Centennial High School,Compton,Los Angeles
050651,Compton High School,Compton,Los Angeles
050652,Dominguez High School,Compton,Los Angeles
050656,Carondelet High School,Concord,Contra Costa
050657,Concord High School,Concord,Contra Costa
050658,Clayton Valley Charter High School,Concord,Contra Costa
050659,College Park High School,Pleasant Hill,Contra Costa
050660,Mount Diablo High School,Concord,Contra Costa
050662,De La Salle High School,Concord,Contra Costa
050663,Ygnacio Valley High School,Concord,Contra Costa
050665,Corcoran High School,Corcoran,Kings
050666,Northgate High School,Walnut Creek,Contra Costa
050675,Corona High School,Corona,Riverside
050676,Centennial High School,Corona,Riverside
050680,Coronado High School,Coronado,San Diego
050683,Costa Mesa High School,Costa Mesa,Orange
050684,Estancia High School,Costa Mesa,Orange
050688,West Valley High School,Cottonwood,Shasta
050692,Santiago High School,Corona,Riverside
050693,Charter Oak High School,Covina,Los Angeles
050697,Elizabeth Learning Center,Cudahy,Los Angeles
050700,Covina High School,Covina,Los Angeles
050703,Northview High School,Covina,Los Angeles
050704,South Hills High School,West Covina,Los Angeles
050705,Del Norte High School,Crescent City,Del Norte
050710,John Swett High School,Crockett,Contra Costa
050714,Cypress High School,Cypress,Orange
050715,Culver City High School,Culver City,Los Angeles
050718,Cupertino High School,Cupertino,Santa Clara
050720,Jefferson High School,Daly City,San Mateo
050721,Terra Nova High School,Pacifica,San Mateo
050722,Richard Gahr High School,Cerritos,Los Angeles
050723,Westmoor High School,Daly City,San Mateo
050724,Athenian School,Danville,Contra Costa
050725,San Ramon Valley High School,Danville,Contra Costa
050727,Monte Vista High School,Danville,Contra Costa
050729,Dana Hills High School,Dana Point,Orange
050730,Davis Senior High School,Davis,Yolo
050735,Delano High School,Delano,Kern
050740,Grant Union High School,Sacramento,Sacramento
050748,Diamond Bar High School,Diamond Bar,Los Angeles
050750,Dinuba High School,Dinuba,Tulare
050755,Dixon High School,Dixon,Solano
050765,Dos Palos High School,Dos Palos,Merced
050770,Downey High School,Downey,Los Angeles
050771,Warren High School,Downey,Los Angeles
050776,Oxford Academy,Cypress,Orange
050783,Duarte High School,Duarte,Los Angeles
050784,Dublin High School,Dublin,Alameda
050787,Valley Christian High School,Dublin,Alameda
050791,Eastside College Prep School,East Palo Alto,San Mateo
050804,Valhalla High School,El Cajon,San Diego
050805,El Cajon Valley High School,El Cajon,San Diego
050806,Granite Hills High School,El Cajon,San Diego
050810,Central Union High School,El Centro,Imperial
050815,El Cerrito High School,El Cerrito,Contra Costa
050816,Southwest High School,El Centro,Imperial
050818,Oak Ridge High School,El Dorado Hills,El Dorado
050819,Union Mine High School,El Dorado,El Dorado
050824,Franklin High School,Elk Grove,Sacramento
050825,Elk Grove High School,Elk Grove,Sacramento
050828,Grossmont Middle College Hs,El Cajon,San Diego
050829,Laguna Creek High School,Elk Grove,Sacramento
050830,Arroyo High School,El Monte,Los Angeles
050835,El Monte High School,El Monte,Los Angeles
050837,Mountain View High School,El Monte,Los Angeles
050841,Cesar E Chavez High School,Delano,Kern
050845,El Segundo High School,El Segundo,Los Angeles
050855,Elsinore High School,Wildomar,Riverside
050858,La Costa Canyon High School,Carlsbad,San Diego
050860,Emery Secondary School,Emeryville,Alameda
050865,San Dieguito Academy,Encinitas,San Diego
050867,Crespi Carmelite High School,Encino,Los Angeles
050869,Holy Martyrs Armenian Hs,Encino,Los Angeles
050870,Escalon High School,Escalon,San Joaquin
050871,Escondido Charter High School,Escondido,San Diego
050873,Orange Glen High School,Escondido,San Diego
050880,Escondido High School,Escondido,San Diego
050883,San Marcos High School,San Marcos,San Diego
050884,San Pasqual High School,Escondido,San Diego
050885,Esparto High School,Esparto,Yolo
050888,Etiwanda High School,Etiwanda,San Bernardino
050893,Canyon Crest Academy,San Diego,San Diego
050897,Summit High School,Fontana,San Bernardino
050900,Eureka High School,Eureka,Humboldt
050902,Monterey Trail High School,Elk Grove,Sacramento
050903,Quarry Lane School,Dublin,Alameda
050905,Exeter Union High School,Exeter,Tulare
050910,Armijo High School,Fairfield,Solano
050911,Fairfield High School,Fairfield,Solano
050912,Bella Vista High School,Fair Oaks,Sacramento
050915,Del Campo High School,Fair Oaks,Sacramento
050919,Angelo Rodriguez High School,Fairfield,Solano
050924,Farmersville High School,Farmersville,Tulare
050925,Fallbrook Union High School,Fallbrook,San Diego
050927,San Lorenzo Valley High School,Felton,Santa Cruz
050935,Fillmore High School,Fillmore,Ventura
050936,University High School,Fresno,Fresno
050937,Firebaugh High School,Firebaugh,Fresno
050940,Folsom High School,Folsom,Sacramento
050942,Henry J Kaiser High School,Fontana,San Bernardino
050944,A B Miller High School,Fontana,San Bernardino
050945,Fontana High School,Fontana,San Bernardino
050947,El Molino High School,Forestville,Sonoma
050955,Fort Bragg High School,Fort Bragg,Mendocino
050963,Los Amigos High School,Fountain Valley,Orange
050964,Fountain Valley High School,Fountain Valley,Orange
050965,Fortuna Union High School,Fortuna,Humboldt
050966,John F Kennedy High School,Fremont,Alameda
050967,Fowler High School,Fowler,Fresno
050968,Irvington High School,Fremont,Alameda
050969,James Logan High School,Union City,Alameda
050970,Mission San Jose High School,Fremont,Alameda
050972,Washington High School,Fremont,Alameda
050973,Bullard High School,Fresno,Fresno
050974,American High School,Fremont,Alameda
050975,Central East High School,Fresno,Fresno
050977,Mclane High School,Fresno,Fresno
050978,Fremont Christian High School,Fremont,Alameda
050980,Edison High School,Fresno,Fresno
050982,Clovis West High School,Fresno,Fresno
050985,Fresno High School,Fresno,Fresno
050989,Herbert Hoover High School,Fresno,Fresno
050990,San Joaquin Memorial Hs,Fresno,Fresno
050995,Theodore Roosevelt High School,Fresno,Fresno
050997,Duncan Polytechnical Hs,Fresno,Fresno
051000,Washington Union High School,Fresno,Fresno
051007,Rosary Academy,Fullerton,Orange
051008,Sunny Hills High School,Fullerton,Orange
051009,Troy High School,Fullerton,Orange
051010,Fullerton Union High School,Fullerton,Orange
051015,Galt High School,Galt,Sacramento
051020,Gardena High School,Gardena,Los Angeles
051025,Junipero Serra High School,Gardena,Los Angeles
051028,Bolsa Grande High School,Garden Grove,Orange
051030,Garden Grove High School,Garden Grove,Orange
051032,Rancho Alamitos High School,Garden Grove,Orange
051033,Santiago High School,Garden Grove,Orange
051034,Pacifica High School,Garden Grove,Orange
051040,Gilroy High School,Gilroy,Santa Clara
051045,Sunnyside High School,Fresno,Fresno
051050,Glendale High School,Glendale,Los Angeles
051058,Ribet Academy,Los Angeles,Los Angeles
051060,Herbert Hoover High School,Glendale,Los Angeles
051065,Holy Family High School,Glendale,Los Angeles
051070,Glendora High School,Glendora,Los Angeles
051075,Saint Lucys Priory High School,Glendora,Los Angeles
051082,Da Vinci Charter Academy,Davis,Yolo
051085,Gonzales High School,Gonzales,Monterey
051088,Granada Hills Charter High Sch,Granada Hills,Los Angeles
051089,John F Kennedy High School,Granada Hills,Los Angeles
051092,Bear River High School,Grass Valley,Nevada
051095,Nevada Union High School,Grass Valley,Nevada
051106,Granite Bay High School,Granite Bay,Placer
051110,Grossmont High School,El Cajon,San Diego
051113,Greenfield High School,Greenfield,Monterey
051115,Gustine High School,Gustine,Merced
051120,Half Moon Bay High School,Half Moon Bay,San Mateo
051122,Hawthorne Math & Science Acad,Hawthorne,Los Angeles
051128,Hanford West High School,Hanford,Kings
051130,Hanford High School,Hanford,Kings
051140,Nathaniel Narbonne High School,Harbor City,Los Angeles
051145,Hawthorne High School,Hawthorne,Los Angeles
051150,Hayward High School,Hayward,Alameda
051152,Tennyson High School,Hayward,Alameda
051153,Mount Eden High School,Hayward,Alameda
051156,Moreau Catholic High School,Hayward,Alameda
051160,Healdsburg High School,Healdsburg,Sonoma
051161,West Valley High School,Hemet,Riverside
051165,Hemet High School,Hemet,Riverside
051168,Hesperia High School,Hesperia,San Bernardino
051173,Crystal Springs Uplands School,Hillsborough,San Mateo
051175,Hilmar High School,Hilmar,Merced
051180,Hollister High School,Hollister,San Benito
051187,Sultana High School,Hesperia,San Bernardino
051200,Holtville High School,Holtville,Imperial
051206,Hercules High School,Hercules,Contra Costa
051213,The Nueva School,San Mateo,San Mateo
051214,Aspire Pacific Academy,Huntington Park,Los Angeles
051215,Hughson High School,Hughson,Stanislaus
051216,Da Vinci Design High School,El Segundo,Los Angeles
051218,Edison High School,Huntington Beach,Orange
051220,Huntington Beach High School,Huntington Beach,Orange
051221,Marina High School,Huntington Beach,Orange
051224,Ocean View High School,Huntington Beach,Orange
051228,Dr Tj Owens Gilroy Early Colg,Gilroy,Santa Clara
051230,Huntington Park High School,Huntington Park,Los Angeles
051231,Leadership Public Sch Hayward,Hayward,Alameda
051232,Saint Pius X-St Matthias Acdmy,Downey,Los Angeles
051239,Montgomery High School,San Diego,San Diego
051240,Imperial High School,Imperial,Imperial
051242,Mar Vista High School,Imperial Beach,San Diego
051244,Mater Dei Catholic High School,Chula Vista,San Diego
051247,Indio High School,Indio,Riverside
051255,Animo Inglewood Charter Hs,Inglewood,Los Angeles
051257,Animo Leadership Charter Hs,Inglewood,Los Angeles
051260,Inglewood High School,Inglewood,Los Angeles
051261,City Honors High School,Inglewood,Los Angeles
051262,Morningside High School,Inglewood,Los Angeles
051267,Arnold O Beckman High School,Irvine,Orange
051268,Jurupa Hills High School,Fontana,San Bernardino
051269,Tarbut V Torah Middle & Upper Sch,Irvine,Orange
051271,Irvine High School,Irvine,Orange
051274,Woodbridge High School,Irvine,Orange
051283,Northwood High School,Irvine,Orange
051290,Kelseyville High School,Kelseyville,Lake
051295,Kerman High School,Kerman,Fresno
051298,Crean Lutheran High School,Irvine,Orange
051300,Bentley School,Lafayette,Contra Costa
051301,Clark Magnet High School,La Crescenta,Los Angeles
051305,King City Joint Union Hs,King City,Monterey
051310,Kingsburg High School,Kingsburg,Fresno
051311,Saint Francis High School,La Canada,Los Angeles
051312,La Canada High School,La Canada,Los Angeles
051313,Crescenta Valley High School,La Crescenta,Los Angeles
051315,Acalanes High School,Lafayette,Contra Costa
051320,Laguna Beach High School,Laguna Beach,Orange
051324,Aliso Niguel High School,Aliso Viejo,Orange
051325,La Habra High School,La Habra,Orange
051327,Sonora High School,La Habra,Orange
051328,La Quinta High School,La Quinta,Riverside
051330,The Bishop's School,La Jolla,San Diego
051333,La Jolla Country Day School,La Jolla,San Diego
051335,La Jolla High,La Jolla,San Diego
051340,Rim of the World High School,Lake Arrowhead,San Bernardino
051345,Clear Lake High School,Lakeport,Lake
051346,El Capitan High School,Lakeside,San Diego
051347,Lakewood High School,Lakewood,Los Angeles
051348,Mayfair High School,Lakewood,Los Angeles
051349,Saint Joseph High School,Lakewood,Los Angeles
051350,Helix High School,La Mesa,San Diego
051352,La Mirada High School,La Mirada,Los Angeles
051355,Antelope Valley High School,Lancaster,Los Angeles
051356,Paraclete High School,Lancaster,Los Angeles
051357,Nogales High School,La Puente,Los Angeles
051359,La Puente High School,La Puente,Los Angeles
051360,Los Altos High School,Hacienda Heights,Los Angeles
051361,Redwood High School,Larkspur,Marin
051362,Bishop Amat Memorial High School,La Puente,Los Angeles
051369,Laguna Hills High School,Laguna Hills,Orange
051370,Bonita High School,La Verne,Los Angeles
051375,Leuzinger High School,Lawndale,Los Angeles
051377,Lawndale High School,Lawndale,Los Angeles
051395,Le Grand Union High School,Le Grand,Merced
051396,Tamiscal High School,Larkspur,Marin
051400,Lemoore Union High School,Lemoore,Kings
051402,Temescal Canyon High School,Lake Elsinore,Riverside
051405,Lincoln High School,Lincoln,Placer
051410,Linden High School,Linden,San Joaquin
051412,Lancaster High School,Lancaster,Los Angeles
051415,Lindsay High School,Lindsay,Tulare
051418,Littlerock High School,Littlerock,Los Angeles
051420,Live Oak High School,Live Oak,Sutter
051423,Granada High School,Livermore,Alameda
051425,Livermore High School,Livermore,Alameda
051430,Livingston High School,Livingston,Merced
051431,Lawndale High School,Lawndale,Los Angeles
051440,Tokay High School,Lodi,San Joaquin
051441,Lodi High School,Lodi,San Joaquin
051445,Loma Linda Academy,Loma Linda,San Bernardino
051450,Cabrillo High School,Lompoc,Santa Barbara
051455,Lompoc High School,Lompoc,Santa Barbara
051465,Jordan High School,Long Beach,Los Angeles
051472,Environmental Charter Hs Lawndale,Lawndale,Los Angeles
051476,Robert A Millikan High School,Long Beach,Los Angeles
051479,Preuss School Ucsd,La Jolla,San Diego
051480,Long Beach Polytechnic Hs,Long Beach,Los Angeles
051498,Lennox Math Science Tech Acad,Inglewood,Los Angeles
051500,Saint Anthony High School,Long Beach,Los Angeles
051504,Juan Rodriguez Cabrillo Hs,Long Beach,Los Angeles
051505,Woodrow Wilson High School,Long Beach,Los Angeles
051507,Del Oro High School,Loomis,Placer
051508,Los Alamitos High School,Los Alamitos,Orange
051510,Los Altos High School,Los Altos,Santa Clara
051512,Pinewood School,Los Altos Hills,Santa Clara
051514,The Kings Academy,Sunnyvale,Santa Clara
051518,Opportunities Lrn-Baldwin Park,Irwindale,Los Angeles
051520,Abraham Lincoln High School,Los Angeles,Los Angeles
051523,Locke Senior High School,Los Angeles,Los Angeles
051525,Alexander Hamilton High School,Los Angeles,Los Angeles
051526,High Tech High La,Van Nuys,Los Angeles
051536,Lemoore Middle College High Sc,Lemoore,Kings
051538,Ghidotti Early College High School,Grass Valley,Nevada
051540,Belmont High School,Los Angeles,Los Angeles
051547,Pacific Hills School,West Hollywood,Los Angeles
051548,Puc Cals Middle and Early Coll,Los Angeles,Los Angeles
051550,Benjamin Franklin High School,Los Angeles,Los Angeles
051552,Bishop Conaty Our Lady Loretto,Los Angeles,Los Angeles
051554,Bishop Mora Salesian Hs,Los Angeles,Los Angeles
051555,Brentwood School East,Los Angeles,Los Angeles
051560,Cathedral High School,Los Angeles,Los Angeles
051561,La Center Enriched Studies,Los Angeles,Los Angeles
051565,Chaminade College Preparatory,West Hills,Los Angeles
051569,Crenshaw High School,Los Angeles,Los Angeles
051570,Linfield Christian School,Temecula,Riverside
051575,David Starr Jordan Hs,Los Angeles,Los Angeles
051576,Downtown Magnets High School,Los Angeles,Los Angeles
051580,Eagle Rock High School,Los Angeles,Los Angeles
051584,Excelsior School,Arcadia,Los Angeles
051590,Fairfax High School,Los Angeles,Los Angeles
051603,Geffen Academy at Ucla,Los Angeles,Los Angeles
051605,George Washington Preparatory,Los Angeles,Los Angeles
051614,Odyssey Stem Academy,Lakewood,Los Angeles
051615,Hollywood High School,Los Angeles,Los Angeles
051620,Public Service Community Schoo,Los Angeles,Los Angeles
051621,Performing Arts Community Scho,Los Angeles,Los Angeles
051622,Green Design Steam Academy,Los Angeles,Los Angeles
051625,Immaculate Heart High School,Los Angeles,Los Angeles
051628,The Buckley School,Sherman Oaks,Los Angeles
051633,Esperanza College Prep,Los Angeles,Los Angeles
051634,Oxnard Middle College High Sch,Oxnard,Ventura
051635,James A Garfield High School,Los Angeles,Los Angeles
051645,John C Fremont High School,Los Angeles,Los Angeles
051650,John Marshall High School,Los Angeles,Los Angeles
051652,Usc Media & Engineering Magnet Sch,Los Angeles,Los Angeles
051662,Ucla Community School,Los Angeles,Los Angeles
051663,Alliance Renee & Meyer Luskin,Los Angeles,Los Angeles
051666,Cristo Rey De La Salle East Bay Hs,Oakland,Alameda
051668,Brio College Prep,Los Angeles,Los Angeles
051672,King Drew Magnet Hs Med/Sci,Los Angeles,Los Angeles
051677,Los Angeles County Hs for the Arts,Los Angeles,Los Angeles
051680,Los Angeles Senior High School,Los Angeles,Los Angeles
051685,Loyola High School of Los Angeles,Los Angeles,Los Angeles
051694,International School of La-Burbank,Burbank,Los Angeles
051700,Manual Arts Senior High School,Los Angeles,Los Angeles
051705,Wish Academy High School,Los Angeles,Los Angeles
051710,Marlborough School,Los Angeles,Los Angeles
051715,Marymount High School,Los Angeles,Los Angeles
051719,Francisco Bravo Medical Magnet,Los Angeles,Los Angeles
051722,Middle College High School,Los Angeles,Los Angeles
051727,Milken Community High School,Los Angeles,Los Angeles
051728,Wallis Annenberg High School,Los Angeles,Los Angeles
051729,New Covenant Academy,Los Angeles,Los Angeles
051730,Notre Dame Academy,Los Angeles,Los Angeles
051758,Rose and Alex Pilibos Armenian,Los Angeles,Los Angeles
051760,Sacred Heart High School,Los Angeles,Los Angeles
051761,Aspire Lionel Wilson Colg Prep,Oakland,Alameda
051763,Renaissance Arts Academy,Los Angeles,Los Angeles
051764,Central City Value High School,Los Angeles,Los Angeles
051775,Daniel Murphy Catholic Hs,Los Angeles,Los Angeles
051776,Ambassador Schl Global Ldrshp,Los Angeles,Los Angeles
051779,Alliance Dr Olga Mohan High Sc,Los Angeles,Los Angeles
051780,Saint Marys Academy,Inglewood,Los Angeles
051781,Oscar De La Hoya Animo Charter,Los Angeles,Los Angeles
051783,Mount Sac Early College Academy,West Covina,Los Angeles
051786,Science Academy Stem Magnet,North Hollywood,Los Angeles
051788,Foshay Learning Center,Los Angeles,Los Angeles
051792,Shalhevet High School,Los Angeles,Los Angeles
051795,Susan Miller Dorsey High Schl,Los Angeles,Los Angeles
051804,Alliance Cindy/Bill Simon Tech,Los Angeles,Los Angeles
051805,Theodore Roosevelt Senior High,Los Angeles,Los Angeles
051811,Orthopaedic Hospital Magnet Hs,Los Angeles,Los Angeles
051815,Thomas Jefferson High School,Los Angeles,Los Angeles
051825,University High School,Los Angeles,Los Angeles
051828,Venice High School,Los Angeles,Los Angeles
051829,Verbum Dei High School,Los Angeles,Los Angeles
051830,Westchester Enriched Science Magnet,Los Angeles,Los Angeles
051840,Woodrow Wilson High School,Los Angeles,Los Angeles
051845,Los Banos High School,Los Banos,Merced
051852,Wildwood School,Los Angeles,Los Angeles
051855,Los Gatos High School,Los Gatos,Santa Clara
051862,Edward R Roybal Learning Cntr,Los Angeles,Los Angeles
051869,Soar High School,Lancaster,Los Angeles
051870,Lower Lake High School,Lower Lake,Lake
051874,Madera South High School,Madera,Madera
051885,Lynwood High School,Lynwood,Los Angeles
051890,Madera High School,Madera,Madera
051892,Mammoth High School,Mammoth Lakes,Mono
051895,Mira Costa High School,Manhattan Beach,Los Angeles
051896,Malibu High School,Malibu,Los Angeles
051899,East Union High School,Manteca,San Joaquin
051900,Manteca High School,Manteca,San Joaquin
051903,Sierra High School,Manteca,San Joaquin
051907,Paloma Valley High School,Menifee,Riverside
051910,Mariposa County High School,Mariposa,Mariposa
051915,Alhambra High School,Martinez,Contra Costa
051919,Lindhurst High School,Olivehurst,Yuba
051925,Marysville High School,Marysville,Yuba
051935,Legacy College Preparatory,Santa Ana,Orange
051938,Marina High School,Marina,Monterey
051945,Mcfarland High School,Mcfarland,Kern
051948,Mckinleyville High School,Mckinleyville,Humboldt
051950,Mendocino High School,Mendocino,Mendocino
051952,Mendota High School,Mendota,Fresno
051953,Golden Valley High School,Merced,Merced
051955,Sacred Heart Preparatory Sch,Atherton,San Mateo
051958,Trabuco Hills High School,Mission Viejo,Orange
051960,Menlo School,Atherton,San Mateo
051963,Merced High School,Merced,Merced
051968,Capistrano Valley High School,Mission Viejo,Orange
051972,Mills High School,Millbrae,San Mateo
051974,El Toro High School,Lake Forest,Orange
051975,Tamalpais High School,Mill Valley,Marin
051976,Piedmont Hills High School,San Jose,Santa Clara
051978,Milpitas High School,Milpitas,Santa Clara
051980,South Fork High School,Miranda,Humboldt
051981,Mission Viejo High School,Mission Viejo,Orange
051982,Central Catholic High School,Modesto,Stanislaus
051983,Grace M Davis High School,Modesto,Stanislaus
051984,University High School,Irvine,Orange
051985,Modesto High School,Modesto,Stanislaus
051986,Fred C Beyer High School,Modesto,Stanislaus
051989,Jurupa Valley High School,Jurupa Valley,Riverside
051994,Johansen High School,Modesto,Stanislaus
052000,Thomas Downey High School,Modesto,Stanislaus
052005,Mojave High School,Mojave,Kern
052015,Monrovia High School,Monrovia,Los Angeles
052017,Delhi High School,Delhi,Merced
052018,Montclair High School,Montclair,San Bernardino
052020,Cantwell Sacred Heart of Mary,Montebello,Los Angeles
052022,East Palo Alto Academy,East Palo Alto,San Mateo
052029,Montebello High School,Montebello,Los Angeles
052031,Joseph A Gregori High School,Modesto,Stanislaus
052037,Schurr High School,Montebello,Los Angeles
052039,Marco Antonio Firebaugh Hs,Lynwood,Los Angeles
052042,Oakwood School,Morgan Hill,Santa Clara
052045,Santa Catalina School,Monterey,Monterey
052046,High School at Moorpark Coll,Moorpark,Ventura
052048,Seaside High School,Seaside,Monterey
052050,Monterey High School,Monterey,Monterey
052053,York School,Monterey,Monterey
052055,Moorpark High School,Moorpark,Ventura
052056,Rancho Verde High School,Moreno Valley,Riverside
052057,Valley View High School,Moreno Valley,Riverside
052058,Campolindo High School,Moraga,Contra Costa
052059,Canyon Springs High School,Moreno Valley,Riverside
052060,Live Oak High School,Morgan Hill,Santa Clara
052061,Morro Bay High School,Morro Bay,San Luis Obispo
052073,Murrieta Valley High School,Murrieta,Riverside
052075,Mountain View High School,Mountain View,Santa Clara
052077,Saint Francis High School,Mountain View,Santa Clara
052080,Mount Shasta High School,Mount Shasta,Siskiyou
052082,Justin-Siena High School,Napa,Napa
052085,Napa High School,Napa,Napa
052088,Vintage High School,Napa,Napa
052105,Sweetwater High School,National City,San Diego
052114,Newark Memorial High School,Newark,Alameda
052117,Newbury Park High School,Newbury Park,Ventura
052120,William S Hart High School,Newhall,Los Angeles
052124,Sage Hill School,Newport Coast,Orange
052125,Orestimba High School,Newman,Stanislaus
052128,Corona Del Mar High School,Newport Beach,Orange
052129,Norco High School,Norco,Riverside
052130,Newport Harbor High School,Newport Beach,Orange
052131,Foothill High School,Sacramento,Sacramento
052132,Highlands High School,North Highlands,Sacramento
052133,Campbell Hall,Studio City,Los Angeles
052141,Center High School,Antelope,Sacramento
052145,North Hollywood High School,North Hollywood,Los Angeles
052146,Oakwood School,North Hollywood,Los Angeles
052159,Harvard-Westlake School,Studio City,Los Angeles
052166,John Glenn High School,Norwalk,Los Angeles
052167,Norwalk High School,Norwalk,Los Angeles
052170,Novato High School,Novato,Marin
052172,San Marin High School,Novato,Marin
052175,Oakdale High School,Oakdale,Stanislaus
052176,Yosemite High School,Oakhurst,Madera
052185,Bishop Odowd High School,Oakland,Alameda
052190,Castlemont Bus Inform Tech Sch,Oakland,Alameda
052191,California Crosspoint High School,Hayward,Alameda
052192,College Preparatory School,Oakland,Alameda
052200,Holy Names High School,Oakland,Alameda
052205,Fremont High School,Oakland,Alameda
052210,Ca Sch Arts San Gabriel Valley,Duarte,Los Angeles
052211,Nipomo High School,Nipomo,San Luis Obispo
052212,Life Academy High School,Oakland,Alameda
052214,Nuview Bridge Early College Hs,Nuevo,Riverside
052216,Vista Del Lago High School,Moreno Valley,Riverside
052225,Oakland High School,Oakland,Alameda
052238,Skyline High School,Oakland,Alameda
052240,Oakland Technical High School,Oakland,Alameda
052248,El Camino High School,Oceanside,San Diego
052249,Oceanside High School,Oceanside,San Diego
052251,Guajome Park Academy,Vista,San Diego
052256,Laurel Springs School,Ojai,Ventura
052260,Nordhoff High School,Ojai,Ventura
052262,Ojai Valley School,Ojai,Ventura
052267,Canyon High School,Anaheim,Orange
052269,Orange Lutheran High School,Orange,Orange
052270,Villanova Preparatory School,Ojai,Ventura
052274,Ontario High School,Ontario,San Bernardino
052275,Chaffey High School,Ontario,San Bernardino
052276,El Modena High School,Orange,Orange
052278,Ontario Christian High School,Ontario,San Bernardino
052279,Villa Park High School,Villa Park,Orange
052280,Orange High School,Orange,Orange
052282,Miramonte High School,Orinda,Contra Costa
052284,Casa Roble Fundamental Hs,Orangevale,Sacramento
052290,Orosi High School,Orosi,Tulare
052293,Las Plumas High School,Oroville,Butte
052295,Oroville High School,Oroville,Butte
052297,Channel Islands High School,Oxnard,Ventura
052298,Hueneme High School,Oxnard,Ventura
052299,Rio Mesa High School,Oxnard,Ventura
052305,Oxnard High School,Oxnard,Ventura
052308,Oceana High School,Pacifica,San Mateo
052310,Pacific Grove High School,Pacific Grove,Monterey
052311,Pacific Bay Christian School,Pacifica,San Mateo
052315,Palmdale High School,Palmdale,Los Angeles
052319,Palm Desert High School,Palm Desert,Riverside
052320,Palm Springs High School,Palm Springs,Riverside
052327,Palisades Charter High School,Pacific Palisades,Los Angeles
052330,Castilleja School,Palo Alto,Santa Clara
052339,Archer School for Girls,Los Angeles,Los Angeles
052347,Henry M Gunn Senior High Schl,Palo Alto,Santa Clara
052350,Palo Alto Senior High School,Palo Alto,Santa Clara
052358,Palos Verdes High School,Palos Verdes Estate,Los Angeles
052360,Paradise High School,Paradise,Butte
052365,Paramount High School,Paramount,Los Angeles
052370,Parlier High School,Parlier,Fresno
052373,Blair High School,Pasadena,Los Angeles
052375,Flintridge Preparatory School,La Canada,Los Angeles
052379,Pacifica High School,Oxnard,Ventura
052380,Flintridge Sacred Heart Acad,La Canada,Los Angeles
052384,Colony High School,Ontario,San Bernardino
052388,John Marshall Fundamental Sch,Pasadena,Los Angeles
052390,John Muir High School,Pasadena,Los Angeles
052392,La Salle College Preparatory,Pasadena,Los Angeles
052395,Mayfield Senior School,Pasadena,Los Angeles
052401,Pasadena High School,Pasadena,Los Angeles
052402,Polytechnic School,Pasadena,Los Angeles
052410,Oakland School for the Arts,Oakland,Alameda
052420,Westridge School,Pasadena,Los Angeles
052425,Paso Robles High School,Paso Robles,San Luis Obispo
052430,Patterson High School,Patterson,Stanislaus
052435,Robert Louis Stevenson School,Pebble Beach,Monterey
052437,Serrano High School,Phelan,San Bernardino
052440,Perris High School,Perris,Riverside
052448,Casa Grande High School,Petaluma,Sonoma
052455,St Vincent De Paul College Prep,Petaluma,Sonoma
052460,Petaluma High School,Petaluma,Sonoma
052462,Piedmont High School,Piedmont,Alameda
052464,Pinole Valley High School,Pinole,Contra Costa
052475,Pittsburg High School,Pittsburg,Contra Costa
052478,El Dorado High School,Placentia,Orange
052480,Valencia High School,Placentia,Orange
052484,Oakland Unity High School,Oakland,Alameda
052485,El Dorado High School,Placerville,El Dorado
052487,Saint Bernard High School,Playa Del Rey,Los Angeles
052489,Discovery Charter Prep School,Sylmar,Los Angeles
052491,William J Pete Knight High Sch,Palmdale,Los Angeles
052495,Amador Valley High School,Pleasanton,Alameda
052497,Foothill High School,Pleasanton,Alameda
052501,Garey High School,Pomona,Los Angeles
052502,Damien High School,La Verne,Los Angeles
052503,Ganesha High School,Pomona,Los Angeles
052504,Pomona Catholic High School,Pomona,Los Angeles
052505,Pomona High School,Pomona,Los Angeles
052508,International Polytechnic Hs,Pomona,Los Angeles
052513,Monache High School,Porterville,Tulare
052515,Porterville High School,Porterville,Tulare
052516,Diamond Ranch High School,Pomona,Los Angeles
052519,Granite Hills High School,Porterville,Tulare
052527,Woodside Priory School,Portola Valley,San Mateo
052533,Poway High School,Poway,San Diego
052536,Rancho Bernardo High School,San Diego,San Diego
052537,Village Academy High School,Pomona,Los Angeles
052541,Highland High School,Palmdale,Los Angeles
052543,Quartz Hill High School,Quartz Hill,Los Angeles
052546,Rancho Cucamonga High School,Rancho Cucamonga,San Bernardino
052550,Ramona High School,Ramona,San Diego
052553,Cordova High School,Rancho Cordova,Sacramento
052563,Santa Margarita Catholic Hs,Rancho San Margarit,Orange
052567,Martin Luther King High School,Riverside,Riverside
052572,Redlands East Valley Hs,Redlands,San Bernardino
052575,Red Bluff High School,Red Bluff,Tehama
052580,Enterprise High School,Redding,Shasta
052581,Foothill High School,Palo Cedro,Shasta
052585,Shasta High School,Redding,Shasta
052590,Redlands High School,Redlands,San Bernardino
052598,Woodcreek High School,Roseville,Placer
052600,Redondo Union High School,Redondo Beach,Los Angeles
052605,Sequoia High School,Redwood City,San Mateo
052608,City of Angels School,Los Angeles,Los Angeles
052609,Rocklin High School,Rocklin,Placer
052615,Reedley High School,Reedley,Fresno
052617,Sherman Oaks Ctr Enrched Stds,Tarzana,Los Angeles
052618,Cleveland High School,Reseda,Los Angeles
052620,Reseda High School,Reseda,Los Angeles
052622,Eisenhower High School,Rialto,San Bernardino
052625,De Anza High School,Richmond,Contra Costa
052629,Rialto High School,Rialto,San Bernardino
052630,John F Kennedy High School,Richmond,Contra Costa
052636,Richmond High School,Richmond,Contra Costa
052637,Salesian College Preparatory,Richmond,Contra Costa
052643,Rio Linda Senior High School,Rio Linda,Sacramento
052645,Rio Vista High School,Rio Vista,Solano
052650,Ripon High School,Ripon,San Joaquin
052655,El Rancho High School,Pico Rivera,Los Angeles
052657,Riverbank High School,Riverbank,Stanislaus
052658,Arlington High School,Riverside,Riverside
052659,La Sierra High School,Riverside,Riverside
052660,Riverdale High School,Riverdale,Fresno
052661,John W North High School,Riverside,Riverside
052663,Notre Dame High School,Riverside,Riverside
052664,Norte Vista Senior High School,Riverside,Riverside
052665,Riverside Poly High School,Riverside,Riverside
052670,Ramona High School,Riverside,Riverside
052671,Carnegie Schools Riverside,Riverside,Riverside
052672,Rubidoux High School,Jurupa Valley,Riverside
052677,Woodcrest Christian School,Riverside,Riverside
052678,Rancho Cotate High School,Rohnert Park,Sonoma
052680,Chadwick School,Palos Verdes Estate,Los Angeles
052681,Rolling Hills Preparatory School,San Pedro,Los Angeles
052683,Palos Verdes Peninsula Hs,Rolling Hills Estat,Los Angeles
052685,Rosemead High School,Rosemead,Los Angeles
052686,Maranatha High School,Pasadena,Los Angeles
052688,Oakmont High School,Roseville,Placer
052690,Roseville High School,Roseville,Placer
052694,Glen A Wilson High School,Hacienda Heights,Los Angeles
052695,Branson School,Ross,Marin
052696,John A Rowland High School,Rowland Heights,Los Angeles
052697,Christian Brothers High School,Sacramento,Sacramento
052698,Saint Francis High School,Sacramento,Sacramento
052705,C K Mcclatchy High School,Sacramento,Sacramento
052708,Destiny Christian Academy,Sacramento,Sacramento
052710,El Camino Fundamental Hs,Sacramento,Sacramento
052713,John F Kennedy High School,Sacramento,Sacramento
052714,Jesuit High School,Carmichael,Sacramento
052716,Encina High School,Sacramento,Sacramento
052717,Hiram W Johnson High School,Sacramento,Sacramento
052718,Loretto High School,Sacramento,Sacramento
052719,Luther Burbank High School,Sacramento,Sacramento
052722,Florin High School,Sacramento,Sacramento
052723,Mira Loma High School,Sacramento,Sacramento
052728,West Campus High School,Sacramento,Sacramento
052730,Rio Americano High School,Sacramento,Sacramento
052733,Sacramento Country Day School,Sacramento,Sacramento
052735,Sacramento High School,Sacramento,Sacramento
052736,Valley High School,Sacramento,Sacramento
052740,Saint Helena High School,Saint Helena,Napa
052741,Santa Fe Christian School,Solana Beach,San Diego
052742,Alisal High School,Salinas,Monterey
052745,Palma High School,Salinas,Monterey
052746,North Salinas High School,Salinas,Monterey
052748,Notre Dame High School,Salinas,Monterey
052755,Salinas High School,Salinas,Monterey
052760,Calaveras High School,San Andreas,Calaveras
052770,Archie Williams High School,San Anselmo,Marin
052772,Aquinas High School,San Bernardino,San Bernardino
052773,Cajon High School,San Bernardino,San Bernardino
052774,Arrowhead Christian Academy Upper,Redlands,San Bernardino
052778,Everett Alvarez High School,Salinas,Monterey
052782,Natomas High School,Sacramento,Sacramento
052790,Pacific High School,San Bernardino,San Bernardino
052792,Sheldon High School,Sacramento,Sacramento
052795,High Tech High Mesa,San Diego,San Diego
052797,San Bernardino High School,San Bernardino,San Bernardino
052798,San Gorgonio High School,San Bernardino,San Bernardino
052803,Natomas Charter School,Sacramento,Sacramento
052810,Capuchino High School,San Bruno,San Mateo
052814,San Clemente High School,San Clemente,Orange
052820,Academy of Our Lady of Peace,San Diego,San Diego
052826,Mount Everest Academy,San Diego,San Diego
052834,Scripps Ranch High,San Diego,San Diego
052836,Christian High School,El Cajon,San Diego
052837,Clairemont High School,San Diego,San Diego
052843,Francis Parker School,San Diego,San Diego
052850,Hoover High School,San Diego,San Diego
052853,Madison High School,San Diego,San Diego
052858,Mira Mesa High School,San Diego,San Diego
052860,Mission Bay High,San Diego,San Diego
052862,Mount Carmel High School,San Diego,San Diego
052867,Patrick Henry High School,San Diego,San Diego
052869,San Diego Schl Create/Perform,San Diego,San Diego
052870,Point Loma High School,San Diego,San Diego
052879,Gompers Preparatory Academy,San Diego,San Diego
052880,Saint Augustine High School,San Diego,San Diego
052881,Morse High School,San Diego,San Diego
052885,San Diego High School Educatio,San Diego,San Diego
052887,University City High School,San Diego,San Diego
052891,Canyon Hills High School,San Diego,San Diego
052892,Southwest High School,San Diego,San Diego
052894,San Dimas High School,San Dimas,Los Angeles
052895,Stephen W Kearny High School,San Diego,San Diego
052896,Cathedral Catholic H S,San Diego,San Diego
052897,Crawford High School,San Diego,San Diego
052898,Bishop Alemany High School,Mission Hills,Los Angeles
052902,James Monroe High School,North Hills,Los Angeles
052905,San Fernando High School,San Fernando,Los Angeles
052908,Sylmar High School,Sylmar,Los Angeles
052910,Abraham Lincoln High School,San Francisco,San Francisco
052916,Balboa High School,San Francisco,San Francisco
052935,Convent of the Sacred Heart Hs,San Francisco,San Francisco
052937,Cambridge Intrntl Prep School,San Francisco,San Francisco
052940,Drew School,San Francisco,San Francisco
052943,International Sch of San Francisco,San Francisco,San Francisco
052945,Galileo Acad of Science & Tech,San Francisco,San Francisco
052946,San Diego Jewish Academy,San Diego,San Diego
052947,Gateway High School,San Francisco,San Francisco
052948,Arroyo Valley High School,San Bernardino,San Bernardino
052949,Middle College High School,San Bernardino,San Bernardino
052950,George Washington High School,San Francisco,San Francisco
052951,High Tech High School,San Diego,San Diego
052953,Lisa Kampner Hebrew Academy,San Francisco,San Francisco
052955,Immaculate Conception Academy,San Francisco,San Francisco
052956,International Studies Academy,San Francisco,San Francisco
052960,John O'connell High School,San Francisco,San Francisco
052967,Lick-Wilmerding High School,San Francisco,San Francisco
052968,Leadership High School,San Francisco,San Francisco
052970,Lowell High School,San Francisco,San Francisco
052971,Lycee Francais De San Fran,San Francisco,San Francisco
052975,Mercy High School,San Francisco,San Francisco
052980,Mission Senior High School,San Francisco,San Francisco
052984,Jewish Community Hs of the Bay,San Francisco,San Francisco
052986,Westview High School,San Diego,San Diego
052987,Los Osos High School,Rancho Cucamonga,San Bernardino
052994,Phillip & Sala Burton Acad Hs,San Francisco,San Francisco
052995,J Eugene Mcateer High School,San Francisco,San Francisco
052999,Raoul Wallenberg Traditional,San Francisco,San Francisco
053000,Archbishop Riordan High School,San Francisco,San Francisco
053004,Vista Murrieta High School,Murrieta,Riverside
053005,Sacred Heart Cathedral Prep,San Francisco,San Francisco
053009,Metwest High School,Oakland,Alameda
053010,Saint Ignatius College Prep Sc,San Francisco,San Francisco
053014,Magnolia Science Academy - 1 Reseda,Reseda,Los Angeles
053028,Inderkum High School,Sacramento,Sacramento
053029,Stuart Hall High School,San Francisco,San Francisco
053033,Ruth Asawa School of the Arts,San Francisco,San Francisco
053039,San Francisco University Hs,San Francisco,San Francisco
053048,Urban School of San Francisco,San Francisco,San Francisco
053053,Don Bosco Technical Institute,Rosemead,Los Angeles
053055,San Gabriel High School,San Gabriel,Los Angeles
053061,San Gabriel Mission High School,San Gabriel,Los Angeles
053062,Gabrielino High School,San Gabriel,Los Angeles
053065,Sanger High School,Sanger,Fresno
053066,Thurgood Marshall Academic Hs,San Francisco,San Francisco
053070,San Jacinto High School,San Jacinto,Riverside
053075,Abraham Lincoln High School,San Jose,Santa Clara
053077,Andrew P Hill High School,San Jose,Santa Clara
053078,Archbishop Mitty High School,San Jose,Santa Clara
053080,Bellarmine College Preparatory,San Jose,Santa Clara
053082,Branham High School,San Jose,Santa Clara
053083,Del Mar High School,San Jose,Santa Clara
053087,Independence High School,San Jose,Santa Clara
053088,Henry T Gunderson High School,San Jose,Santa Clara
053090,James Lick High School,San Jose,Santa Clara
053091,Leland High School,San Jose,Santa Clara
053092,Leigh High School,San Jose,Santa Clara
053094,Mount Pleasant High School,San Jose,Santa Clara
053095,Notre Dame High School,San Jose,Santa Clara
053096,Pioneer High School,San Jose,Santa Clara
053097,Presentation High School,San Jose,Santa Clara
053098,San Jose High School,San Jose,Santa Clara
053099,Oak Grove High School,San Jose,Santa Clara
053100,Silver Creek High School,San Jose,Santa Clara
053103,Westmont High School,Campbell,Santa Clara
053105,Willow Glen High School,San Jose,Santa Clara
053106,Santa Teresa High School,San Jose,Santa Clara
053107,William C Overfelt High School,San Jose,Santa Clara
053110,West Park High School,Roseville,Placer
053112,Saint Margarets Episcopal School,San Juan Capistrano,Orange
053113,Yerba Buena High School,San Jose,Santa Clara
053114,Capistrano Valley Christian School,San Juan Capistrano,Orange
053120,San Leandro High School,San Leandro,Alameda
053125,Arroyo High School,San Lorenzo,Alameda
053130,San Lorenzo High School,San Lorenzo,Alameda
053133,Anzar High School,San Juan Bautista,San Benito
053140,Mission College Prep Cath Hs,San Luis Obispo,San Luis Obispo
053142,Harker Upper School,San Jose,Santa Clara
053145,San Luis Obispo High School,San Luis Obispo,San Luis Obispo
053149,Tesoro High School,Rancho San Margarit,Orange
053158,San Marino High School,San Marino,Los Angeles
053161,Southwestern Academy,San Marino,Los Angeles
053163,Aragon High School,San Mateo,San Mateo
053164,Downtown Colg Prep El Primero,San Jose,Santa Clara
053165,Hillsdale High School,San Mateo,San Mateo
053169,Evergreen Valley High School,San Jose,Santa Clara
053170,Matilda Torres High School,Madera,Madera
053173,Kehillah School,Palo Alto,Santa Clara
053175,San Mateo High School,San Mateo,San Mateo
053180,Junipero Serra High School,San Mateo,San Mateo
053195,San Pedro High School,San Pedro,Los Angeles
053197,Jserra Catholic High School,San Juan Capistrano,Orange
053200,Mary Star of the Sea High School,San Pedro,Los Angeles
053204,Middle College High School,San Pablo,Contra Costa
053205,San Domenico School,San Anselmo,Marin
053208,Latino College Prep Academy,San Jose,Santa Clara
053209,San Diego Business Leadership,San Diego,San Diego
053212,Marin Academy,San Rafael,Marin
053215,Marin Catholic High School,Kentfield,Marin
053218,Dougherty Valley High School,San Ramon,Contra Costa
053220,Basis Independent Fremont Upper Sch,Fremont,Alameda
053222,San Rafael High School,San Rafael,Marin
053229,California High School,San Ramon,Contra Costa
053231,Terra Linda High School,San Rafael,Marin
053234,Foothill High School,Santa Ana,Orange
053235,Santa Ana High School,Santa Ana,Orange
053240,Mater Dei High School,Santa Ana,Orange
053242,Saddleback High School,Santa Ana,Orange
053243,Valley High School,Santa Ana,Orange
053245,Bishop Garcia Diego High School,Santa Barbara,Santa Barbara
053249,Century High School,Santa Ana,Orange
053251,Calvary Chapel High School,Santa Ana,Orange
053252,Dos Pueblos High School,Goleta,Santa Barbara
053255,Laguna Blanca School,Santa Barbara,Santa Barbara
053258,Middle College High School,Santa Ana,Orange
053262,Academy of the Canyons,Santa Clarita,Los Angeles
053266,Orange County Hs of the Arts,Santa Ana,Orange
053270,Pacific Collegiate School,Santa Cruz,Santa Cruz
053272,San Marcos High School,Santa Barbara,Santa Barbara
053275,Santa Barbara Senior High Scho,Santa Barbara,Santa Barbara
053276,Adrian C Wilcox High School,Santa Clara,Santa Clara
053280,Santa Clara High School,Santa Clara,Santa Clara
053287,New Roads School,Santa Monica,Los Angeles
053290,Georgiana Bruce Kirby Prep High Sch,Santa Cruz,Santa Cruz
053293,Harbor High School,Santa Cruz,Santa Cruz
053297,Santa Cruz High School,Santa Cruz,Santa Cruz
053300,Santa Fe High School,Santa Fe Springs,Los Angeles
053303,Ernest Righetti High School,Santa Maria,Santa Barbara
053304,Saint Joseph High School,Santa Maria,Santa Barbara
053305,Santa Maria High School,Santa Maria,Santa Barbara
053307,Crossroads School for Arts & Sci,Santa Monica,Los Angeles
053310,Saint Monica Catholic High School,Santa Monica,Los Angeles
053316,Elsie Allen High School,Santa Rosa,Sonoma
053320,Santa Monica High School,Santa Monica,Los Angeles
053323,Windward School,Los Angeles,Los Angeles
053325,Santa Paula High School,Santa Paula,Ventura
053326,Cardinal Newman High School,Santa Rosa,Sonoma
053328,Montgomery High School,Santa Rosa,Sonoma
053329,Piner High School,Santa Rosa,Sonoma
053330,Santa Rosa High School,Santa Rosa,Sonoma
053335,Ursuline High School,Santa Rosa,Sonoma
053336,Saugus High School,Santa Clarita,Los Angeles
053338,Valley Christian High School,San Jose,Santa Clara
053340,Santa Ynez Valley Union Hs,Santa Ynez,Santa Barbara
053341,Canyon High School,Canyon Country,Los Angeles
053342,Santana High School,Santee,San Diego
053343,Saratoga High School,Saratoga,Santa Clara
053344,Prospect High School,Saratoga,Santa Clara
053345,Analy High School,Sebastopol,Sonoma
053350,Selma High School,Selma,Fresno
053358,Heritage Christian School South,North Hills,Los Angeles
053360,Shafter High School,Shafter,Kern
053370,Notre Dame High School,Sherman Oaks,Los Angeles
053372,Santa Susana High School,Simi Valley,Ventura
053373,Ponderosa High School,Shingle Springs,El Dorado
053378,Alverno High School,Sierra Madre,Los Angeles
053379,Royal High School,Simi Valley,Ventura
053380,Simi Valley High School,Simi Valley,Ventura
053381,West Hills High School,Santee,San Diego
053383,Grace Brethren High School,Simi Valley,Ventura
053386,Maria Carrillo High School,Santa Rosa,Sonoma
053390,Sonoma Valley High School,Sonoma,Sonoma
053395,Sonora High School,Sonora,Tuolumne
053398,Soquel High School,Soquel,Santa Cruz
053400,South Gate High School,South Gate,Los Angeles
053404,South El Monte High School,South El Monte,Los Angeles
053410,South Pasadena High School,South Pasadena,Los Angeles
053413,El Camino High,South San Francisco,San Mateo
053415,South San Francisco Hs,South San Francisco,San Mateo
053416,Monte Vista High School,Spring Valley,San Diego
053417,Mount Miguel High School,Spring Valley,San Diego
053420,Edison Senior High School,Stockton,San Joaquin
053425,Franklin High School,Stockton,San Joaquin
053430,Lincoln High School,Stockton,San Joaquin
053435,Saint Marys High School,Stockton,San Joaquin
053436,Bear Creek High School,Stockton,San Joaquin
053442,Stagg High School,Stockton,San Joaquin
053459,Moreno Valley High School,Moreno Valley,Riverside
053460,Fremont High School,Sunnyvale,Santa Clara
053462,Homestead High School,Cupertino,Santa Clara
053463,Lynbrook High School,San Jose,Santa Clara
053466,Monta Vista High School,Cupertino,Santa Clara
053467,John Rancis Polytechnic High School,Sun Valley,Los Angeles
053468,Village Christian High School,Sun Valley,Los Angeles
053475,Sutter Union High School,Sutter,Sutter
053480,Amador High School,Sutter Creek,Amador
053488,Montclair College Prep School,Van Nuys,Los Angeles
053490,Tehachapi High School,Tehachapi,Kern
053495,Temple City High School,Temple City,Los Angeles
053499,Temecula Valley High School,Temecula,Riverside
053500,Templeton High School,Templeton,San Luis Obispo
053501,La Reina High School,Thousand Oaks,Ventura
053502,Thousand Oaks High School,Thousand Oaks,Ventura
053503,Westlake High School,Westlake Village,Ventura
053505,Sierra High School,Tollhouse,Fresno
053512,Bishop Montgomery High School,Torrance,Los Angeles
053515,Carson High School,Carson,Los Angeles
053520,North High School,Torrance,Los Angeles
053521,West High School,Torrance,Los Angeles
053522,South High School,Torrance,Los Angeles
053523,Torrance High School,Torrance,Los Angeles
053525,Tracy High School,Tracy,San Joaquin
053530,Tranquillity High School,Tranquillity,Fresno
053532,Merrill F West High School,Tracy,San Joaquin
053533,Vanden High School,Fairfield,Solano
053537,North Tahoe High School,Tahoe City,Placer
053539,Chaparral High School,Temecula,Riverside
053540,Truckee High School,Truckee,Placer
053545,Verdugo Hills High School,Tujunga,Los Angeles
053550,Tulare Union High School,Tulare,Tulare
053552,Tulare Western High School,Tulare,Tulare
053557,Soledad High School,Soledad,Monterey
053560,Summerville Union High School,Tuolumne,Tuolumne
053565,Turlock High School,Turlock,Stanislaus
053570,Tustin High School,Tustin,Orange
053580,Ukiah High School,Ukiah,Mendocino
053582,Upland Christian Schools,Upland,San Bernardino
053585,Western Christian High School,Upland,San Bernardino
053586,Upland High School,Upland,San Bernardino
053593,Vacaville Christian High School,Vacaville,Solano
053595,Vacaville High School,Vacaville,Solano
053596,Buckingham Collegiate Charter,Vacaville,Solano
053597,Will C Wood High School,Vacaville,Solano
053598,Scotts Valley High School,Scotts Valley,Santa Cruz
053599,Middle College High School,Stockton,San Joaquin
053603,Dr James J Hogan High School,Vallejo,Solano
053604,St Patrick-St Vincent Catholic Hs,Vallejo,Solano
053608,Valencia High School,Valencia,Los Angeles
053610,Vallejo High School,Vallejo,Solano
053613,Steele Canyon High School,Spring Valley,San Diego
053615,Birmingham Community Charter Hs,Lake Balboa,Los Angeles
053626,Sonoma Academy,Santa Rosa,Sonoma
053628,San Ysidro High School,San Diego,San Diego
053630,Rancho San Juan High School,Salinas,Monterey
053631,Saint Genevieve High School,Panorama City,Los Angeles
053633,Ulysses S Grant High School,Van Nuys,Los Angeles
053635,Van Nuys High School,Van Nuys,Los Angeles
053643,Temecula Preparatory School,Winchester,Riverside
053644,John H Pitman High School,Turlock,Stanislaus
053647,Buena High School,Ventura,Ventura
053648,El Camino High School,Ventura,Ventura
053650,Saint Bonaventure High School,Ventura,Ventura
053655,Ventura High School,Ventura,Ventura
053660,Victor Valley High School,Victorville,San Bernardino
053662,Golden West High School,Visalia,Tulare
053665,Redwood High School,Visalia,Tulare
053668,Rancho Buena Vista High School,Vista,San Diego
053669,Tri-City Christian School,Vista,San Diego
053670,Mount Whitney High School,Visalia,Tulare
053675,Vista High School,Vista,San Diego
053676,Walnut High School,Walnut,Los Angeles
053680,Las Lomas High School,Walnut Creek,Contra Costa
053681,Southlands Christian School,Rowland Heights,Los Angeles
053682,Silverado High School,Victorville,San Bernardino
053683,Berean Christian High School,Walnut Creek,Contra Costa
053685,Wasco Union High School,Wasco,Kern
053686,Excelsior Charter Schl Victorville,Victorville,San Bernardino
053690,Jesse M Bethel High School,Vallejo,Solano
053691,Foothill Technology Hs,Ventura,Ventura
053695,Valley Center High School,Valley Center,San Diego
053699,El Diamante High School,Visalia,Tulare
053704,Waterford High School,Waterford,Stanislaus
053705,Monte Vista Christian School,Watsonville,Santa Cruz
053711,Mount Madonna School,Watsonville,Santa Cruz
053716,Saint Francis Hs Salesian Col Prep,Watsonville,Santa Cruz
053722,Watsonville High School,Watsonville,Santa Cruz
053737,La Quinta High School,Westminster,Orange
053738,West Covina High School,West Covina,Los Angeles
053739,Westminster High School,Westminster,Orange
053740,River City High School,West Sacramento,Yolo
053746,Oaks Christian School,Westlake Village,Ventura
053747,Dr Richard Vladovic Harbor Aca,Wilmington,Los Angeles
053748,De Toledo High School,West Hills,Los Angeles
053750,Wheatland High School,Wheatland,Yuba
053755,California High School,Whittier,Los Angeles
053756,La Serna High School,Whittier,Los Angeles
053760,Pioneer High School,Whittier,Los Angeles
053761,Saint Paul High School,Santa Fe Springs,Los Angeles
053763,Whittier Christian High School,La Habra,Orange
053765,Whittier High School,Whittier,Los Angeles
053770,Williams High School,Williams,Colusa
053775,Willits High School,Willits,Mendocino
053785,Phineas Banning High School,Wilmington,Los Angeles
053787,Windsor High School,Windsor,Sonoma
053790,Winters High School,Winters,Yolo
053795,Woodlake High School,Woodlake,Tulare
053800,Woodland High School,Woodland,Yolo
053801,El Camino Real Charter High Sc,Woodland Hills,Los Angeles
053802,Louisville High School,Woodland Hills,Los Angeles
053806,William Howard Taft Hs,Woodland Hills,Los Angeles
053808,Woodside High School,Woodside,San Mateo
053810,Yreka High School,Yreka,Siskiyou
053815,Yuba City High School,Yuba City,Sutter
053818,Yucca Valley High School,Yucca Valley,San Bernardino
053820,Yucaipa Senior High School,Yucaipa,San Bernardino
053833,Mare Island Technology Academy,Vallejo,Solano
053839,Weston Ranch High School,Stockton,San Joaquin
053843,Aspire Benjamin Holt Colg Prep,Stockton,San Joaquin
053847,Pioneer Valley High School,Santa Maria,Santa Barbara
053849,Technology High School,Rohnert Park,Sonoma
053855,Wilmer Amina Carter Hs,Rialto,San Bernardino
053861,Pioneer High School,Woodland,Yolo
053864,West Ranch High School,Valencia,Los Angeles
053868,Mission Hills High School,San Marcos,San Diego
053871,Golden Valley High School,Santa Clarita,Los Angeles
053877,Bradshaw Christian School,Sacramento,Sacramento
053878,Summit Preparatory Charter Hig,Redwood City,San Mateo
053879,Northridge Academy High School,Northridge,Los Angeles
053880,Great Oak High School,Temecula,Riverside
053884,June Jordan School for Equity,San Francisco,San Francisco
053893,Kearny College Connections,San Diego,San Diego
053900,Kearny Sch Biomed Science Tech,San Diego,San Diego
053903,San Diego High School,San Diego,San Diego
053904,Icef View Park Preparatory High Sch,Los Angeles,Los Angeles
053906,Ann Sobrato High School,Morgan Hill,Santa Clara
053907,San Diego Intl Studies,San Diego,San Diego
053909,San Diego Metro Regional Technical,San Diego,San Diego
053910,Catch Prep Charter High,Los Angeles,Los Angeles
053912,University Preparatory School,Redding,Shasta
053927,Rosemont High School,Sacramento,Sacramento
053929,National University Virtual Hs,Chula Vista,San Diego
053937,Whitney High School,Rocklin,Placer
053941,Venture Academy,Stockton,San Joaquin
053945,High Tech High International,San Diego,San Diego
053952,Pacific Law Academy,Stockton,San Joaquin
053953,Pleasant Grove High School,Elk Grove,Sacramento
053958,Ronald E Mcnair High School,Stockton,San Joaquin
053964,River Valley High School,Yuba City,Sutter
053966,Cesar Chavez High School,Stockton,San Joaquin
053970,Leadership Public Sch Richmond,Richmond,Contra Costa
053972,Oakland Military Inst Col Prep,Oakland,Alameda
053973,Vistamar School,El Segundo,Los Angeles
053974,Santee Education Complex,Los Angeles,Los Angeles
053975,Animo S Los Angeles Charter Hs,Los Angeles,Los Angeles
053978,Citrus Hill High School,Perris,Riverside
053980,South East High School,South Gate,Los Angeles
053983,Alliance Gertz-Ressler High Sc,Los Angeles,Los Angeles
053985,Bay School of San Francisco,San Francisco,San Francisco
053988,Central Valley High School,Ceres,Stanislaus
053989,Alsion Montessori Middle/High,Fremont,Alameda
053991,Camino Nuevo High School,Los Angeles,Los Angeles
053995,Lakeside High School,Lake Elsinore,Riverside
053998,Maywood Academy High School,Maywood,Los Angeles
054003,Design Science Middle Colg Hs,Fresno,Fresno
054005,Pacifica Christian High School,Santa Monica,Los Angeles
054013,Desert Mirage High School,Thermal,Riverside
054015,Vaughn Next Century Learn Ctr,San Fernando,Los Angeles
054018,Segerstrom High School,Santa Ana,Orange
054020,Millennium High School,Tracy,San Joaquin
054025,New Designs Charter School,Los Angeles,Los Angeles
054027,San Jacinto Valley Academy,San Jacinto,Riverside
054028,International Studies Learning Ctr,South Gate,Los Angeles
054030,Robert Fulton College Prep Sch,Van Nuys,Los Angeles
054038,Sierra Canyon School,Chatsworth,Los Angeles
054043,James C Enochs High School,Modesto,Stanislaus
054044,Roseland University Prep,Santa Rosa,Sonoma
054045,Pajaro Valley Hs,Watsonville,Santa Cruz
054046,Charter Hs Arts Media Perform,Van Nuys,Los Angeles
054047,City Arts and Leadership Academy,San Francisco,San Francisco
054053,M C Learning Complx-Sch of Bus&trsm,Los Angeles,Los Angeles
054054,High Tech High Media Arts,San Diego,San Diego
054055,Port of Los Angeles Hs,San Pedro,Los Angeles
054056,Maranatha Christian Schools,San Diego,San Diego
054057,Los Angeles School Global Studies,Los Angeles,Los Angeles
054058,Frontier High School,Bakersfield,Kern
054060,Eastside High School,Lancaster,Los Angeles
054065,Puc Community Charter Early Coll Hs,Sylmar,Los Angeles
054069,Animo Venice Charter Hs,Venice,Los Angeles
054072,Olympian High School,Chula Vista,San Diego
054073,John F Kennedy Middle Colg Hs,Norco,Riverside
054078,Eleanor Roosevelt High School,Eastvale,Riverside
054081,Panorama High School,Panorama City,Los Angeles
054082,East Valley High School,North Hollywood,Los Angeles
054088,Alliance Judy Burton Tech Acad,Los Angeles,Los Angeles
054092,Ca Online Public Schools Southrn Ca,San Juan Capistrano,Orange
054095,Natomas Pacific Pathways Prep,Sacramento,Sacramento
054101,University Preparatory,Victorville,San Bernardino
054103,Xavier College Preparatory Hs,Palm Desert,Riverside
054104,Nova Academy Early College Hs,Santa Ana,Orange
054118,Alliance Collins College Ready Hs,Huntington Park,Los Angeles
054120,Lincoln High School,San Diego,San Diego
054127,Stanford Online High School,Redwood City,San Mateo
054135,Academy of the Redwoods,Eureka,Humboldt
054141,Heritage High School,Menifee,Riverside
054150,Hector Godinez Fundamental Hs,Santa Ana,Orange
054151,Lighthouse Community Char Hs,Oakland,Alameda
054159,Patriot High School,Jurupa Valley,Riverside
054162,Los Angeles Hs of the Arts,Los Angeles,Los Angeles
054163,Alliance M&e Stern Math Sci Sch,Los Angeles,Los Angeles
054166,Vista Del Lago High School,Folsom,Sacramento
054173,California Military Institute,Perris,Riverside
054176,Aims College Prep High School,Oakland,Alameda
054181,San Juan Hills High School,San Juan Capistrano,Orange
054194,Classical Academy High School,Escondido,San Diego
054199,Animo Jackie Robinson Chrt Sch,Los Angeles,Los Angeles
054201,Health Sciences High/Mid Coll,San Diego,San Diego
054203,Summit Collegiate High School,Porterville,Tulare
054204,Cosumnes Oaks High School,Elk Grove,Sacramento
054207,Stella High Charter Academy,Los Angeles,Los Angeles
054211,Cristo Rey Hs-Sacramento,Sacramento,Sacramento
054214,Tahquitz High School,Hemet,Riverside
054218,Alliance Neuwirth Leadership Acadmy,Los Angeles,Los Angeles
054219,High Tech High - North County,San Marcos,San Diego
054225,West Adams Preparatory Hs,Los Angeles,Los Angeles
054231,Kipp King Collegiate High Sch,San Lorenzo,Alameda
054238,Animo Pat Brown Charter Hs,Los Angeles,Los Angeles
054241,Riverside Preparatory,Oro Grande,San Bernardino
054242,Independence High School,Bakersfield,Kern
054243,School Visual Arts and Humanities,Los Angeles,Los Angeles
054245,University Prep Academy,San Jose,Santa Clara
054247,Academia Avance Charter School,Los Angeles,Los Angeles
054248,Mission Oak High School,Tulare,Tulare
054249,Helen Bernstein High School,Hollywood,Los Angeles
054250,Antelope High School,Antelope,Sacramento
054254,Academic Leadership Community,Los Angeles,Los Angeles
054255,Impact Acad Arts/Technology,Hayward,Alameda
054257,Aspire East Palo Alto Phoenix,East Palo Alto,San Mateo
054259,Animo Ralph Bunche Charter Hs,Los Angeles,Los Angeles
054260,Aspire Golden State Collg Prep Acad,Oakland,Alameda
054267,Lathrop High School,Lathrop,San Joaquin
054280,Robert F Kennedy High School,Delano,Kern
054283,Animo Watts Collge Prep Acdmy,Los Angeles,Los Angeles
054285,Envision Acad Arts/Technology,Oakland,Alameda
054287,Orcutt Academy Charter High School,Orcutt,Santa Barbara
054303,Oakland Charter High School,Oakland,Alameda
054310,Castaic High School,Castaic,Los Angeles
054313,High Tech High Chula Vista,Chula Vista,San Diego
054316,Oak Hills High School,Oak Hills,San Bernardino
054317,Mira Monte High School,Bakersfield,Kern
054321,Yorba Linda High School,Yorba Linda,Orange
054331,Citrus Valley High School,Redlands,San Bernardino
054332,Anahuacalmecac Intrl Univ Prep,Los Angeles,Los Angeles
054345,Shadow Hills High School,Indio,Riverside
054346,Alliance Morgan Mckinzie Hs,Los Angeles,Los Angeles
054347,Mission Vista High School,Oceanside,San Diego
054351,Del Norte High School,San Diego,San Diego
054353,Gompers Preparatory Academy,San Diego,San Diego
054355,Dozier-Libbey Medical High Sch,Antioch,Contra Costa
054356,United Christian Academy,Rancho Cucamonga,San Bernardino
054357,Murrieta Mesa High School,Murrieta,Riverside
054360,Alliance Leichtman-Levine Eshs,Los Angeles,Los Angeles
054361,Alliance Piera Barbaglia Shaheen Hs,Los Angeles,Los Angeles
054364,Christopher High School,Gilroy,Santa Clara
054367,Alain Leroy Locke College Prep,Los Angeles,Los Angeles
054368,Daniel Pearl Magnet High Schl,Van Nuys,Los Angeles
054369,Animo Locke Ii Charter Hs,Los Angeles,Los Angeles
054375,John C Kimball High School,Tracy,San Joaquin
054376,Cortines School Vpa,Los Angeles,Los Angeles
054377,Kipp San Jose Collegiate,San Jose,Santa Clara
054378,Da Vinci Science High School,El Segundo,Los Angeles
054379,Western Sierra Collegiate Acad,Rocklin,Placer
054381,Felicitas and Gonzalo Mendez Hs,Los Angeles,Los Angeles
054394,Pacheco High School,Los Banos,Merced
054406,American Canyon High School,American Canyon,Napa
054407,Riverside Virtual School,Riverside,Riverside
054411,Stockton Early College Academy,Stockton,San Joaquin
054412,Coliseum College Prep Academy,Oakland,Alameda
054414,Harmony Magnet Academy,Strathmore,Tulare
054418,Rancho Christian High School,Temecula,Riverside
054422,Sierra Pacific High School,Hanford,Kings
054424,Stockton Collegiate Intl High Schoo,Stockton,San Joaquin
054429,Everest Public High School,Redwood City,San Mateo
054432,School Law & Government at Rhs,Los Angeles,Los Angeles
054436,Math Science Technology Magnet,Los Angeles,Los Angeles
054438,Liberty Ranch High School,Galt,Sacramento
054439,Academy-San Fran @ Mcateer,San Francisco,San Francisco
054441,Torres Hs Engineering & Technical,Los Angeles,Los Angeles
054444,Torres Hs - Social Justice Leadrshp,Los Angeles,Los Angeles
054446,Aspire Vanguard Col Prep Acad,Modesto,Stanislaus
054451,Torres Hs-Humanitas Acad Art &tech,Los Angeles,Los Angeles
054452,Torres Hs Performing Arts Academy,Los Angeles,Los Angeles
054457,New Open World Academy,Los Angeles,Los Angeles
054458,University Prepartory High Sch,Visalia,Tulare
054460,Aspire Langston Hughes Academy,Stockton,San Joaquin
054475,Magnolia Science Academy 2 Valley,Van Nuys,Los Angeles
054481,Edgewood High School,West Covina,Los Angeles
054493,Albert Einstein Letter Art Sci,Agua Dulce,Los Angeles
054502,Credo High School Arts/Letters/Sci,Rohnert Park,Sonoma
054507,King-Chavez Community High School,San Diego,San Diego
054513,Alliance Ted K Tajima High Sch,Los Angeles,Los Angeles
054515,San Francisco International Hs,San Francisco,San Francisco
054519,Puc Lakeview Charter High Schl,Sylmar,Los Angeles
054522,Palomares Academy Health Science,Pomona,Los Angeles
054523,Fremont Acd Engineering/Design,Pomona,Los Angeles
054525,Rancho Dominguez Prep School,Long Beach,Los Angeles
054527,Alliance Tennenbaum Family Tech Hs,Los Angeles,Los Angeles
054531,Synergy Quantum Academy,Los Angeles,Los Angeles
054532,Puc Triumph Charter Academy Hs,Sylmar,Los Angeles
054539,Wonderful College Prep Acad Delano,Delano,Kern
054541,Puc Early Colg Academy Leaders,Los Angeles,Los Angeles
054542,Social Justice Humanitas Acad,San Fernando,Los Angeles
054544,Comm&tech School Rivera Lrng Complx,Los Angeles,Los Angeles
054545,School History & Dramatic Arts,Los Angeles,Los Angeles
054547,Dr Maya Angelou Community Hs,Los Angeles,Los Angeles
054548,Valley Academy Arts & Sciences,Granada Hills,Los Angeles
054553,Making Waves Academy,Richmond,Contra Costa
054554,Pacific Academy Irvine,Irvine,Orange
054555,Chavez La Artes,San Fernando,Los Angeles
054605,Indian Springs High School,San Bernardino,San Bernardino
054606,Grand Terrace High School,Grand Terrace,San Bernardino
054607,Applied Technology Center,Montebello,Los Angeles
054611,Castlemont High School,Oakland,Alameda
054617,Academies Education/Empowermnt,Carson,Los Angeles
054618,Academy of Medical Arts at Carson,Carson,Los Angeles
054620,Summit Public School-Tahoma,San Jose,Santa Clara
054621,Summit Public School-Rainier,San Jose,Santa Clara
054624,Stem Academy of Hollywood,Hollywood,Los Angeles
054629,Ofarrell Charter School,San Diego,San Diego
054630,Crawford High School,San Diego,San Diego
054631,Health Careers Academy Hs,Stockton,San Joaquin
054632,Critical Design and Gaming Sch,Los Angeles,Los Angeles
054636,Alliance Smidt Technology High,Los Angeles,Los Angeles
054643,Ca Online Public Sch Northern Ca,Ripon,San Joaquin
054644,Libra Academy at Linda Marquez Hs,Huntington Park,Los Angeles
054645,Linda Marquez Hs-Social Justice,Huntington Park,Los Angeles
054649,Steam at Legacy High School Complex,South Gate,Los Angeles
054654,Chula Vista Lrng Cmnty Charter,Chula Vista,San Diego
054660,Ace Charter High School,San Jose,Santa Clara
054663,New West Charter School,Los Angeles,Los Angeles
054666,Reedley Middle College Hs,Reedley,Fresno
054667,Huntington Park Inst Appld Medicine,Huntington Park,Los Angeles
054672,Adelanto High School,Adelanto,San Bernardino
054673,Usc Hybrid High College Prep,Los Angeles,Los Angeles
054677,Hillcrest High School,Riverside,Riverside
054683,Larchmont Charter School,Los Angeles,Los Angeles
054693,Camino Nuevo High Sch Dalzell Lance,Los Angeles,Los Angeles
054695,Sch Social Justice-Cont Learn Ctr,Los Angeles,Los Angeles
054697,El Capitan High School,Merced,Merced
054701,Early College Acad La Trade Tech,Los Angeles,Los Angeles
054702,Rancho Mirage High School,Rancho Mirage,Riverside
054704,Lps Oakland R&d Campus,Oakland,Alameda
054705,Palmdale Aerospace Academy,Palmdale,Los Angeles
054709,Sage Creek High School,Carlsbad,San Diego
054719,Cobalt Institute of Math & Science,Victorville,San Bernardino
054723,E3 Civic High,San Diego,San Diego
054725,Ernest S Mcbride Sr High Schl,Long Beach,Los Angeles
054728,Valor Academy High School,North Hills,Los Angeles
054735,Aspire Ollin Univ Prep Acdmy,Huntington Park,Los Angeles
054746,Del Lago Academy,Escondido,San Diego
054750,Downtown College Prep Alum Roc,San Jose,Santa Clara
054751,Samueli Academy,Santa Ana,Orange
054764,Western Center Academy,Hemet,Riverside
054767,Math and Science College Prep,Los Angeles,Los Angeles
054768,Madison Park Academy,Oakland,Alameda
054772,Alliance Margaret M Bloomfield,Huntington Park,Los Angeles
054776,Basis Independent Silicon Valley,San Jose,Santa Clara
054784,Riverside Stem Academy,Riverside,Riverside
054787,Sun Valley Magnet School,Sun Valley,Los Angeles
054794,Da Vinci Communications Hs,El Segundo,Los Angeles
054812,Leroy Greene Academy,Sacramento,Sacramento
054813,Mountain House High School,Mountain House,San Joaquin
054814,Design Tech High School,Redwood City,San Mateo
054815,Summit Public Schools Shasta,Daly City,San Mateo
054816,Kipp San Francisco Colg Prep,San Francisco,San Francisco
054818,Luis Valdez Leadership Academy,San Jose,Santa Clara
054826,Nava College Prep Academy,Los Angeles,Los Angeles
054837,Sato Academy of Math & Science,Long Beach,Los Angeles
054846,Ilead Exploration Hybrid,Acton,Los Angeles
054847,Aspire Richmond Ca Colg Prep,Richmond,Contra Costa
054851,Rancho Campana High School,Camarillo,Ventura
054856,John Henry High School,Richmond,Contra Costa
054860,Cristo Rey San Jose Jesuit Hs,San Jose,Santa Clara
054865,Compton Early College High Sch,Compton,Los Angeles
054869,Alpha Cindy Avitia High School,San Jose,Santa Clara
054877,South Hills Academy,West Covina,Los Angeles
054891,University Prep Value Hs,Los Angeles,Los Angeles
054927,Kipp Navigate College Prep,San Jose,Santa Clara
054928,Summit Public School Tamalpais,San Pablo,Contra Costa
054936,Tide Academy,Menlo Park,San Mateo
054970,East Bay Innovation Academy,Oakland,Alameda
054985,Twelve Bridges High School,Lincoln,Placer
054992,Liberty High School,Winchester,Riverside
054994,South La College Prep,Los Angeles,Los Angeles
054997,Justin Garza High School,Fresno,Fresno
055037,Sanger West High School,Fresno,Fresno
055051,Legacy Magnet Academy,Tustin,Orange
059801,East Bay Innovation Academy,Oakland,Alameda
1251598,Alliance Ouchi-O'donovan 6-12,Los Angeles,Los Angeles
1252154,Lake Balboa College Prep K-12,Van Nuys,Los Angeles
252215,Summit Public School K2,El Cerrito,Contra Costa
989915,Cleveland Humanities Magnet,Reseda,Los Angeles
