campus,period,ctx,ach,outcome,n,r_overall,r_partial,rho10,rho20,rho50,rho80,rho90,rho_min,rho_min_pct,rho_max,rho_max_pct,mod_beta,mod_t,neff_med
Berkeley,p2325,upp,avg,admit_rate,861,-0.2297,0.0881,0.0335,0.0094,-0.0926,0.1472,0.1804,-0.0926,50.0,0.1899,95.0,0.0273,0.77,357.5
Berkeley,p2325,sed,avg,admit_rate,861,-0.2297,0.09,0.0218,0.0056,-0.1061,0.1437,0.1902,-0.1069,52.5,0.2055,95.0,0.0234,0.66,357.5
Berkeley,p2325,el,avg,admit_rate,861,-0.2297,-0.1557,-0.1223,-0.2053,-0.2817,-0.1641,-0.1185,-0.314,40.0,-0.0902,95.0,-0.0977,-2.74,357.1
Berkeley,p2325,inc,avg,admit_rate,858,-0.231,-0.0866,0.0632,0.0159,-0.1251,-0.2937,-0.2743,-0.2948,77.5,0.0866,5.0,-0.0833,-2.63,356.2
Berkeley,p2325,pov,avg,admit_rate,858,-0.231,-0.159,-0.275,-0.2726,-0.227,-0.0058,0.0345,-0.279,35.0,0.0447,95.0,0.0849,2.58,356.3
Berkeley,p2325,ba,avg,admit_rate,858,-0.231,-0.0701,0.0935,0.0704,-0.1401,-0.2322,-0.3017,-0.3298,95.0,0.1091,5.0,-0.0771,-2.31,356.3
Berkeley,p2325,hs,avg,admit_rate,858,-0.231,-0.0775,0.0983,0.0364,-0.1509,-0.2214,-0.2176,-0.2271,85.0,0.1177,5.0,-0.0459,-1.33,356.2
Berkeley,p2325,unemp,avg,admit_rate,858,-0.231,-0.2066,-0.2395,-0.2404,-0.3198,-0.1362,-0.0496,-0.3198,50.0,-0.0088,95.0,0.054,1.62,356.3
Berkeley,p2325,homeval,avg,admit_rate,845,-0.2397,-0.1474,0.0214,-0.0294,-0.161,-0.2568,-0.2988,-0.3231,95.0,0.0543,5.0,-0.0767,-2.28,350.8
Berkeley,p2325,rent,avg,admit_rate,853,-0.2346,-0.0749,0.0836,0.0572,-0.1952,-0.2663,-0.2149,-0.2726,75.0,0.0894,5.0,-0.0644,-1.97,354.1
Berkeley,p2325,own,avg,admit_rate,858,-0.231,-0.2011,-0.1337,-0.2005,-0.2141,-0.2459,-0.2568,-0.2574,87.5,-0.099,5.0,-0.0209,-0.62,356.3
Berkeley,p2325,hisp,avg,admit_rate,858,-0.231,-0.0538,-0.1995,-0.1592,-0.1691,0.0946,0.1479,-0.2246,5.0,0.1508,95.0,0.0657,1.92,356.2
Berkeley,p2325,white,avg,admit_rate,858,-0.231,-0.1833,-0.0785,-0.1408,-0.2372,-0.2911,-0.194,-0.3204,72.5,-0.0413,5.0,-0.0405,-1.11,356.3
Berkeley,p2325,black,avg,admit_rate,858,-0.231,-0.2242,-0.2793,-0.2828,-0.2846,-0.1428,-0.0746,-0.3275,37.5,-0.047,95.0,0.0867,2.63,356.0
Berkeley,p2325,asian,avg,admit_rate,858,-0.231,-0.13,0.0817,-0.0226,-0.1853,-0.2594,-0.2316,-0.2605,77.5,0.1071,5.0,-0.0701,-2.13,356.2
Berkeley,p2325,pop,avg,admit_rate,860,-0.2299,-0.2275,-0.1854,-0.2114,-0.2278,-0.2775,-0.261,-0.281,75.0,-0.1696,5.0,-0.0171,-0.52,357.1
Berkeley,p2325,ses,avg,admit_rate,858,-0.231,-0.0643,0.105,0.0202,-0.0936,-0.2599,-0.3184,-0.3365,95.0,0.1465,5.0,-0.0895,-2.78,356.3
Berkeley,p2325,app_rate_own,avg,admit_rate,861,-0.2297,-0.1788,-0.1587,-0.1305,-0.1924,-0.1767,-0.1947,-0.2164,95.0,-0.1305,20.0,0.0552,1.59,357.5
Berkeley,p2325,app_rate_oth,avg,admit_rate,861,-0.2297,-0.1658,-0.0869,-0.1108,-0.2518,-0.2326,-0.2309,-0.2561,45.0,-0.0862,7.5,0.0031,0.09,357.5
Berkeley,p2325,app_vol,avg,admit_rate,861,-0.2297,-0.0496,0.1236,0.0409,0.0041,-0.2125,-0.2107,-0.2135,82.5,0.1722,5.0,-0.0255,-0.8,357.5
Davis,p2325,upp,avg,admit_rate,1067,-0.2322,-0.0145,-0.3146,-0.2057,0.0391,0.0272,0.0325,-0.3555,5.0,0.0446,55.0,0.2226,7.05,443.1
Davis,p2325,sed,avg,admit_rate,1067,-0.2322,-0.0258,-0.3169,-0.2104,0.0366,0.0424,0.0252,-0.3525,5.0,0.0558,62.5,0.2131,6.67,443.1
Davis,p2325,el,avg,admit_rate,1067,-0.2322,-0.2193,-0.253,-0.3561,-0.3132,-0.1319,-0.0765,-0.3841,30.0,-0.0523,95.0,-0.0144,-0.46,442.5
Davis,p2325,inc,avg,admit_rate,1061,-0.2327,-0.0764,0.0708,0.062,0.035,-0.3264,-0.4678,-0.5225,95.0,0.0808,35.0,-0.2338,-8.45,440.6
Davis,p2325,pov,avg,admit_rate,1063,-0.2316,-0.1845,-0.3998,-0.3503,-0.1157,0.0022,-0.0014,-0.4251,5.0,0.0049,72.5,0.1772,6.0,441.4
Davis,p2325,ba,avg,admit_rate,1063,-0.2316,-0.0732,0.1123,0.0997,0.0007,-0.2838,-0.4167,-0.4742,95.0,0.1175,5.0,-0.2316,-8.05,441.4
Davis,p2325,hs,avg,admit_rate,1063,-0.2316,-0.1526,0.1243,0.0805,-0.0548,-0.3711,-0.4551,-0.4705,95.0,0.1322,5.0,-0.2195,-7.19,441.4
Davis,p2325,unemp,avg,admit_rate,1063,-0.2316,-0.2139,-0.2982,-0.2954,-0.2391,-0.1233,-0.0656,-0.3032,32.5,-0.0292,95.0,0.0944,3.18,441.4
Davis,p2325,homeval,avg,admit_rate,1042,-0.2405,-0.0907,0.1319,0.1038,-0.0822,-0.2826,-0.4055,-0.4652,95.0,0.1433,5.0,-0.2288,-7.92,432.6
Davis,p2325,rent,avg,admit_rate,1056,-0.2357,-0.0985,0.1276,0.1185,-0.0287,-0.3674,-0.4527,-0.4741,95.0,0.1309,12.5,-0.2275,-7.77,438.4
Davis,p2325,own,avg,admit_rate,1063,-0.2316,-0.2152,-0.0847,-0.1053,-0.1671,-0.3603,-0.4218,-0.4474,95.0,-0.0752,5.0,-0.137,-4.58,441.4
Davis,p2325,hisp,avg,admit_rate,1063,-0.2316,-0.1401,-0.4661,-0.3567,-0.0298,0.0879,0.124,-0.5049,5.0,0.1339,95.0,0.2466,8.16,441.4
Davis,p2325,white,avg,admit_rate,1063,-0.2316,-0.2299,-0.0094,-0.0962,-0.2319,-0.397,-0.3811,-0.397,80.0,0.0228,5.0,-0.1461,-4.52,441.4
Davis,p2325,black,avg,admit_rate,1063,-0.2316,-0.2351,-0.3503,-0.3249,-0.3146,-0.1033,-0.0098,-0.3687,5.0,0.0282,95.0,0.1518,5.12,441.0
Davis,p2325,asian,avg,admit_rate,1063,-0.2316,-0.134,-0.0128,-0.003,-0.0527,-0.303,-0.3608,-0.3829,95.0,0.0184,35.0,-0.1332,-4.57,441.3
Davis,p2325,pop,avg,admit_rate,1066,-0.232,-0.2299,-0.2208,-0.2501,-0.2065,-0.2268,-0.2515,-0.2677,95.0,-0.2023,55.0,-0.011,-0.37,442.6
Davis,p2325,ses,avg,admit_rate,1063,-0.2316,-0.0651,0.1083,0.0974,0.0674,-0.3021,-0.4514,-0.5117,95.0,0.1083,10.0,-0.2348,-8.42,441.4
Davis,p2325,app_rate_own,avg,admit_rate,1065,-0.2288,-0.1324,-0.0919,-0.1261,-0.0536,-0.1886,-0.3219,-0.3743,95.0,-0.0146,60.0,-0.1191,-3.92,442.2
Davis,p2325,app_rate_oth,avg,admit_rate,1065,-0.2288,-0.0855,-0.0084,0.0169,-0.1707,-0.2285,-0.2792,-0.2901,95.0,0.0185,22.5,-0.0992,-3.2,442.2
Davis,p2325,app_vol,avg,admit_rate,1067,-0.2322,-0.0107,0.0838,0.0222,0.0648,-0.2779,-0.4496,-0.4973,95.0,0.1069,5.0,-0.1782,-6.33,443.0
Irvine,p2325,upp,avg,admit_rate,942,0.0623,0.1074,0.0886,0.1326,0.1064,0.0693,0.083,0.0405,67.5,0.16,35.0,0.0367,1.02,391.1
Irvine,p2325,sed,avg,admit_rate,942,0.0623,0.0997,0.0756,0.1256,0.1056,0.1042,0.0711,0.0448,5.0,0.137,27.5,0.0367,1.02,391.1
Irvine,p2325,el,avg,admit_rate,942,0.0623,0.0688,0.1422,0.0762,-0.039,-0.0974,-0.08,-0.1021,72.5,0.1752,5.0,-0.1551,-4.44,390.7
Irvine,p2325,inc,avg,admit_rate,937,0.0619,0.1562,0.1742,0.1574,0.1542,0.1197,0.0321,-0.0066,95.0,0.1873,65.0,-0.0552,-1.71,389.1
Irvine,p2325,pov,avg,admit_rate,939,0.062,0.1034,0.0452,0.0359,0.1238,0.1538,0.1408,0.0319,25.0,0.1597,72.5,0.0439,1.33,389.9
Irvine,p2325,ba,avg,admit_rate,939,0.062,0.1711,0.199,0.1963,0.1209,0.1705,0.087,0.0415,95.0,0.2041,70.0,-0.0383,-1.17,389.9
Irvine,p2325,hs,avg,admit_rate,939,0.062,0.1126,0.1421,0.1286,0.125,0.0599,0.0231,0.0142,95.0,0.154,5.0,-0.0292,-0.85,389.9
Irvine,p2325,unemp,avg,admit_rate,939,0.062,0.0856,0.0483,0.0164,0.0755,0.1205,0.1323,-0.0097,32.5,0.1482,95.0,0.0392,1.19,389.9
Irvine,p2325,homeval,avg,admit_rate,919,0.0524,0.1992,0.2139,0.2081,0.2129,0.15,0.0675,0.0278,95.0,0.2196,5.0,-0.0463,-1.45,381.5
Irvine,p2325,rent,avg,admit_rate,933,0.0541,0.1641,0.1786,0.1869,0.1257,0.101,0.0769,0.0661,95.0,0.194,27.5,-0.0263,-0.79,387.3
Irvine,p2325,own,avg,admit_rate,939,0.062,0.0668,0.1014,0.054,0.0977,0.0501,0.0241,-0.0008,95.0,0.1342,5.0,-0.0518,-1.55,389.9
Irvine,p2325,hisp,avg,admit_rate,939,0.062,0.1298,0.0062,0.0879,0.1833,0.1682,0.2089,-0.0318,5.0,0.2143,95.0,0.0718,2.1,389.9
Irvine,p2325,white,avg,admit_rate,939,0.062,0.0717,0.1393,0.1064,0.1403,-0.033,-0.0734,-0.0766,92.5,0.1447,5.0,-0.0798,-2.23,389.9
Irvine,p2325,black,avg,admit_rate,939,0.062,0.0633,-0.086,-0.0577,0.0749,0.1604,0.1993,-0.1045,5.0,0.2246,95.0,0.1194,3.71,389.5
Irvine,p2325,asian,avg,admit_rate,939,0.062,0.1203,0.0812,0.1185,0.1382,0.0905,0.1112,0.0733,5.0,0.1805,37.5,-0.0003,-0.01,389.8
Irvine,p2325,pop,avg,admit_rate,941,0.0629,0.0623,0.1385,0.0951,0.0431,0.0185,0.0246,0.0185,80.0,0.1556,5.0,-0.0442,-1.37,390.7
Irvine,p2325,ses,avg,admit_rate,939,0.062,0.1953,0.2157,0.2064,0.1822,0.1506,0.0533,0.0057,95.0,0.223,5.0,-0.0552,-1.73,389.9
Irvine,p2325,app_rate_own,avg,admit_rate,942,0.0623,0.1228,0.0306,0.0714,0.0871,0.1254,0.168,0.009,5.0,0.1907,95.0,0.0761,2.33,391.1
Irvine,p2325,app_rate_oth,avg,admit_rate,942,0.0623,0.1288,0.1009,0.1343,0.0766,0.1767,0.1542,0.073,52.5,0.1775,82.5,0.0155,0.45,391.1
Irvine,p2325,app_vol,avg,admit_rate,942,0.0623,0.1237,0.1453,0.139,0.0932,0.147,0.139,0.0845,55.0,0.1704,5.0,0.0387,1.22,391.1
Los Angeles,p2325,upp,avg,admit_rate,825,-0.1583,-0.0657,-0.1711,-0.1234,-0.059,-0.0046,-0.0498,-0.2143,5.0,0.0023,75.0,-0.0227,-0.61,342.5
Los Angeles,p2325,sed,avg,admit_rate,825,-0.1583,-0.0567,-0.194,-0.1279,-0.0504,-0.0189,-0.0329,-0.2393,5.0,-0.0189,80.0,-0.0233,-0.62,342.5
Los Angeles,p2325,el,avg,admit_rate,825,-0.1583,-0.206,-0.2267,-0.2592,-0.2786,-0.2398,-0.25,-0.2804,40.0,-0.2245,7.5,-0.1263,-3.53,342.1
Los Angeles,p2325,inc,avg,admit_rate,821,-0.1588,-0.0486,0.0476,-0.0332,-0.0698,-0.1241,-0.2194,-0.2564,95.0,0.0657,5.0,-0.0369,-1.08,340.9
Los Angeles,p2325,pov,avg,admit_rate,822,-0.1589,-0.1157,-0.1895,-0.1808,-0.1138,-0.0574,-0.0449,-0.1936,5.0,-0.0387,95.0,0.0467,1.33,341.3
Los Angeles,p2325,ba,avg,admit_rate,822,-0.1589,-0.1096,0.0033,0.0044,-0.0765,-0.2237,-0.3232,-0.3625,95.0,0.0083,15.0,-0.0684,-1.99,341.3
Los Angeles,p2325,hs,avg,admit_rate,822,-0.1589,-0.1044,0.0367,-0.0242,-0.0842,-0.2632,-0.322,-0.3348,95.0,0.0537,5.0,-0.0712,-1.96,341.3
Los Angeles,p2325,unemp,avg,admit_rate,822,-0.1589,-0.14,-0.2601,-0.2059,-0.2124,-0.0176,0.0133,-0.286,5.0,0.0133,90.0,0.0621,1.8,341.3
Los Angeles,p2325,homeval,avg,admit_rate,803,-0.1545,-0.1266,0.0465,0.0477,-0.1099,-0.237,-0.2787,-0.3028,95.0,0.0515,15.0,-0.1066,-3.01,333.3
Los Angeles,p2325,rent,avg,admit_rate,816,-0.1634,-0.058,-0.0082,-0.0155,-0.0344,-0.1501,-0.2191,-0.2436,95.0,-0.0063,12.5,-0.0293,-0.83,338.8
Los Angeles,p2325,own,avg,admit_rate,822,-0.1589,-0.1287,-0.0712,-0.1414,-0.1778,-0.1153,-0.1023,-0.232,37.5,-0.0442,5.0,0.0118,0.34,341.3
Los Angeles,p2325,hisp,avg,admit_rate,822,-0.1589,-0.1249,-0.282,-0.1999,-0.1438,0.0132,0.0696,-0.3224,5.0,0.0829,95.0,0.1122,3.13,341.3
Los Angeles,p2325,white,avg,admit_rate,822,-0.1589,-0.1676,-0.1074,-0.1214,-0.1312,-0.2268,-0.2232,-0.2289,82.5,-0.1028,5.0,0.0173,0.46,341.3
Los Angeles,p2325,black,avg,admit_rate,822,-0.1589,-0.1229,-0.2697,-0.195,-0.1429,-0.0979,-0.0836,-0.3048,5.0,-0.0787,95.0,0.0386,1.14,341.1
Los Angeles,p2325,asian,avg,admit_rate,822,-0.1589,-0.0556,-0.0123,-0.0007,0.0343,-0.2441,-0.2333,-0.247,82.5,0.065,40.0,-0.0673,-2.03,341.3
Los Angeles,p2325,pop,avg,admit_rate,824,-0.1585,-0.1534,-0.1453,-0.1398,-0.1658,-0.2012,-0.1854,-0.2064,70.0,-0.1091,35.0,0.0053,0.16,342.1
Los Angeles,p2325,ses,avg,admit_rate,822,-0.1589,-0.0655,0.0465,-0.0066,-0.0207,-0.219,-0.3093,-0.3399,95.0,0.0647,5.0,-0.077,-2.24,341.3
Los Angeles,p2325,app_rate_own,avg,admit_rate,825,-0.1583,-0.1582,-0.068,-0.1062,-0.1602,-0.2329,-0.2765,-0.2861,95.0,-0.0531,5.0,-0.031,-0.86,342.6
Los Angeles,p2325,app_rate_oth,avg,admit_rate,825,-0.1583,-0.0956,-0.0822,-0.1329,-0.1459,-0.1335,-0.1199,-0.1672,35.0,-0.0547,5.0,-0.0108,-0.3,342.6
Los Angeles,p2325,app_vol,avg,admit_rate,825,-0.1583,0.0369,0.0095,0.0359,0.0715,0.0035,-0.0609,-0.094,95.0,0.0715,50.0,0.1058,3.49,342.5
Merced,p2325,upp,avg,admit_rate,886,0.3984,0.1957,0.2724,0.31,0.347,0.1644,0.1092,0.0848,95.0,0.3667,40.0,-0.0244,-0.72,367.9
Merced,p2325,sed,avg,admit_rate,886,0.3984,0.2071,0.2726,0.3157,0.343,0.1858,0.0969,0.0621,95.0,0.3539,37.5,-0.0182,-0.53,367.9
Merced,p2325,el,avg,admit_rate,886,0.3984,0.307,0.2802,0.3295,0.3047,0.266,0.2406,0.2243,95.0,0.3525,30.0,0.043,1.32,367.8
Merced,p2325,inc,avg,admit_rate,884,0.3987,0.3446,0.2281,0.2682,0.3819,0.4661,0.4849,0.2094,5.0,0.4958,95.0,0.0405,1.32,367.1
Merced,p2325,pov,avg,admit_rate,884,0.3987,0.3751,0.4574,0.471,0.4129,0.281,0.2369,0.2197,95.0,0.4742,25.0,-0.0365,-1.16,367.0
Merced,p2325,ba,avg,admit_rate,884,0.3987,0.3471,0.2751,0.2848,0.3105,0.4738,0.4659,0.2618,5.0,0.4741,82.5,0.0161,0.51,367.1
Merced,p2325,hs,avg,admit_rate,884,0.3987,0.3721,0.2503,0.2522,0.3899,0.4576,0.4037,0.2473,5.0,0.4736,72.5,0.0272,0.84,367.1
Merced,p2325,unemp,avg,admit_rate,884,0.3987,0.3978,0.4672,0.4419,0.4311,0.3004,0.2797,0.2795,92.5,0.4802,5.0,-0.0707,-2.28,367.1
Merced,p2325,homeval,avg,admit_rate,864,0.4022,0.3434,0.3234,0.315,0.3042,0.4334,0.4832,0.2893,35.0,0.4945,95.0,-0.02,-0.62,358.7
Merced,p2325,rent,avg,admit_rate,879,0.3988,0.3516,0.1929,0.1984,0.4121,0.4338,0.4712,0.1882,15.0,0.494,95.0,0.0551,1.72,365.0
Merced,p2325,own,avg,admit_rate,884,0.3987,0.3858,0.2688,0.3285,0.4132,0.4762,0.4962,0.2515,5.0,0.4995,95.0,0.0284,0.91,367.1
Merced,p2325,hisp,avg,admit_rate,884,0.3987,0.3522,0.5051,0.4722,0.3139,0.2522,0.276,0.2489,75.0,0.5152,5.0,-0.0282,-0.87,367.0
Merced,p2325,white,avg,admit_rate,884,0.3987,0.3818,0.3011,0.3647,0.3543,0.4757,0.5195,0.2593,5.0,0.5349,95.0,0.0677,2.04,367.1
Merced,p2325,black,avg,admit_rate,884,0.3987,0.3875,0.4362,0.4521,0.4167,0.3554,0.3252,0.3025,95.0,0.4594,30.0,0.0074,0.24,366.8
Merced,p2325,asian,avg,admit_rate,884,0.3987,0.3629,0.2728,0.3497,0.3963,0.398,0.4238,0.2293,5.0,0.4362,95.0,-0.0073,-0.23,367.0
Merced,p2325,pop,avg,admit_rate,886,0.3984,0.3982,0.354,0.3747,0.4261,0.4533,0.4111,0.3394,5.0,0.4566,75.0,0.0044,0.15,367.9
Merced,p2325,ses,avg,admit_rate,884,0.3987,0.3438,0.2835,0.2747,0.2994,0.4974,0.5069,0.2391,35.0,0.5071,95.0,0.0429,1.38,367.0
Merced,p2325,app_rate_own,avg,admit_rate,885,0.3967,0.3958,0.3619,0.3909,0.4283,0.3913,0.3719,0.3568,5.0,0.437,40.0,-0.0629,-1.96,367.5
Merced,p2325,app_rate_oth,avg,admit_rate,885,0.3967,0.3599,0.2063,0.2361,0.3992,0.4662,0.4219,0.2008,5.0,0.4778,72.5,0.0216,0.65,367.5
Merced,p2325,app_vol,avg,admit_rate,886,0.3984,0.3674,0.3281,0.3308,0.3928,0.4094,0.4399,0.3274,15.0,0.4639,95.0,-0.0633,-2.07,367.9
Riverside,p2325,upp,avg,admit_rate,895,0.4848,0.1056,0.1725,0.2466,0.2586,0.1103,0.1038,0.1026,87.5,0.2928,32.5,0.0258,0.84,371.6
Riverside,p2325,sed,avg,admit_rate,895,0.4848,0.1106,0.1643,0.2466,0.2651,0.1253,0.0995,0.0992,92.5,0.2827,30.0,0.0444,1.44,371.6
Riverside,p2325,el,avg,admit_rate,895,0.4848,0.3915,0.3604,0.3785,0.4312,0.3811,0.3674,0.3535,5.0,0.4338,45.0,0.0815,2.57,371.3
Riverside,p2325,inc,avg,admit_rate,889,0.4899,0.3831,0.348,0.3748,0.464,0.4051,0.3773,0.3419,5.0,0.4642,52.5,-0.0554,-1.91,369.1
Riverside,p2325,pov,avg,admit_rate,891,0.4874,0.4404,0.3378,0.3894,0.494,0.4249,0.3784,0.313,5.0,0.494,50.0,0.0649,2.22,369.9
Riverside,p2325,ba,avg,admit_rate,891,0.4874,0.333,0.2821,0.2799,0.3701,0.4599,0.4314,0.2742,27.5,0.4742,70.0,-0.02,-0.68,369.9
Riverside,p2325,hs,avg,admit_rate,891,0.4874,0.3626,0.2633,0.2473,0.4347,0.4231,0.3405,0.2473,20.0,0.4722,65.0,-0.0317,-1.03,370.0
Riverside,p2325,unemp,avg,admit_rate,891,0.4874,0.478,0.4542,0.4699,0.5131,0.4439,0.4251,0.4251,90.0,0.5132,52.5,0.0208,0.71,369.9
Riverside,p2325,homeval,avg,admit_rate,864,0.4867,0.4085,0.3829,0.3523,0.432,0.4904,0.4366,0.3317,30.0,0.5101,72.5,-0.0339,-1.13,358.7
Riverside,p2325,rent,avg,admit_rate,885,0.4868,0.3883,0.273,0.2767,0.4691,0.4827,0.4531,0.2672,15.0,0.4896,70.0,-0.0107,-0.35,367.4
Riverside,p2325,own,avg,admit_rate,891,0.4874,0.4615,0.4435,0.4636,0.4676,0.4713,0.4729,0.4398,5.0,0.4834,35.0,-0.039,-1.32,370.0
Riverside,p2325,hisp,avg,admit_rate,891,0.4874,0.3234,0.3674,0.4127,0.3997,0.2498,0.2607,0.2493,77.5,0.4442,32.5,0.0311,1.03,369.9
Riverside,p2325,white,avg,admit_rate,891,0.4874,0.4061,0.3452,0.3895,0.4731,0.4448,0.388,0.3149,5.0,0.4867,60.0,0.0055,0.18,369.9
Riverside,p2325,black,avg,admit_rate,891,0.4874,0.4737,0.4744,0.4814,0.4981,0.4511,0.4067,0.3833,95.0,0.5008,57.5,0.0005,0.02,369.8
Riverside,p2325,asian,avg,admit_rate,891,0.4874,0.4266,0.2921,0.3795,0.4689,0.477,0.481,0.2437,5.0,0.481,87.5,-0.0354,-1.2,369.9
Riverside,p2325,pop,avg,admit_rate,894,0.485,0.4825,0.4773,0.4817,0.493,0.5101,0.4851,0.467,95.0,0.5105,77.5,-0.0351,-1.21,371.2
Riverside,p2325,ses,avg,admit_rate,891,0.4874,0.3651,0.3193,0.3099,0.4144,0.4313,0.3716,0.3096,17.5,0.4562,67.5,-0.0415,-1.43,369.9
Riverside,p2325,app_rate_own,avg,admit_rate,895,0.4848,0.5187,0.3392,0.3743,0.5396,0.5443,0.5956,0.327,5.0,0.6254,95.0,0.0546,1.92,371.6
Riverside,p2325,app_rate_oth,avg,admit_rate,895,0.4848,0.3954,0.3472,0.3579,0.4364,0.4544,0.4254,0.3448,5.0,0.4587,75.0,-0.0477,-1.52,371.6
Riverside,p2325,app_vol,avg,admit_rate,895,0.4848,0.4606,0.3307,0.3726,0.4418,0.6471,0.6652,0.3105,5.0,0.6663,92.5,0.032,1.1,371.6
San Diego,p2325,upp,avg,admit_rate,1027,-0.5471,-0.0497,-0.2508,-0.2321,-0.3199,0.0709,0.1095,-0.3305,45.0,0.1097,87.5,0.023,0.96,426.4
San Diego,p2325,sed,avg,admit_rate,1027,-0.5471,-0.0604,-0.2376,-0.2295,-0.3455,0.0621,0.1013,-0.3462,47.5,0.1032,87.5,-0.0097,-0.4,426.4
San Diego,p2325,el,avg,admit_rate,1027,-0.5471,-0.4178,-0.3125,-0.428,-0.4603,-0.4212,-0.3538,-0.5073,35.0,-0.2658,5.0,-0.1015,-3.66,425.9
San Diego,p2325,inc,avg,admit_rate,1021,-0.5478,-0.4023,-0.3355,-0.3755,-0.434,-0.5012,-0.5355,-0.5479,95.0,-0.3173,5.0,-0.0147,-0.61,423.9
San Diego,p2325,pov,avg,admit_rate,1023,-0.5477,-0.4911,-0.5511,-0.5726,-0.4722,-0.4101,-0.3973,-0.5772,25.0,-0.3902,95.0,0.0173,0.69,424.7
San Diego,p2325,ba,avg,admit_rate,1023,-0.5477,-0.3316,-0.221,-0.2314,-0.3997,-0.4652,-0.5056,-0.5308,95.0,-0.2177,5.0,-0.0378,-1.53,424.8
San Diego,p2325,hs,avg,admit_rate,1023,-0.5477,-0.3969,-0.1636,-0.2151,-0.4774,-0.4561,-0.4816,-0.4854,95.0,-0.1636,10.0,-0.002,-0.08,424.8
San Diego,p2325,unemp,avg,admit_rate,1023,-0.5477,-0.5336,-0.565,-0.5678,-0.5565,-0.4723,-0.4573,-0.5903,37.5,-0.4483,95.0,0.0206,0.79,424.8
San Diego,p2325,homeval,avg,admit_rate,999,-0.5532,-0.4205,-0.3505,-0.3892,-0.368,-0.5773,-0.5786,-0.5787,85.0,-0.3248,5.0,-0.0493,-1.92,414.7
San Diego,p2325,rent,avg,admit_rate,1017,-0.5573,-0.4297,-0.2742,-0.2633,-0.4933,-0.5594,-0.5621,-0.5631,87.5,-0.2579,17.5,-0.0339,-1.33,422.2
San Diego,p2325,own,avg,admit_rate,1023,-0.5477,-0.5272,-0.4827,-0.5294,-0.5125,-0.5654,-0.5612,-0.5654,80.0,-0.4589,5.0,-0.0098,-0.37,424.8
San Diego,p2325,hisp,avg,admit_rate,1023,-0.5477,-0.374,-0.47,-0.4596,-0.4739,-0.2199,-0.1675,-0.4895,40.0,-0.1556,95.0,0.0283,1.12,424.8
San Diego,p2325,white,avg,admit_rate,1023,-0.5477,-0.4741,-0.2914,-0.3871,-0.5925,-0.5265,-0.4806,-0.5925,50.0,-0.2485,5.0,-0.0376,-1.43,424.8
San Diego,p2325,black,avg,admit_rate,1023,-0.5477,-0.5305,-0.6206,-0.606,-0.536,-0.4702,-0.4192,-0.6268,5.0,-0.3913,95.0,0.0867,3.32,424.6
San Diego,p2325,asian,avg,admit_rate,1023,-0.5477,-0.4879,-0.3334,-0.3725,-0.5501,-0.5328,-0.5521,-0.5623,95.0,-0.3237,5.0,-0.006,-0.23,424.7
San Diego,p2325,pop,avg,admit_rate,1026,-0.5471,-0.5457,-0.5123,-0.5746,-0.5612,-0.5256,-0.5399,-0.6203,32.5,-0.4924,5.0,0.0309,1.19,426.0
San Diego,p2325,ses,avg,admit_rate,1023,-0.5477,-0.3656,-0.2658,-0.2711,-0.4004,-0.4981,-0.5347,-0.5505,95.0,-0.2642,12.5,-0.0319,-1.33,424.8
San Diego,p2325,app_rate_own,avg,admit_rate,1027,-0.5471,-0.4146,-0.4067,-0.3875,-0.4592,-0.4958,-0.5216,-0.5217,92.5,-0.3722,30.0,0.0223,0.81,426.4
San Diego,p2325,app_rate_oth,avg,admit_rate,1027,-0.5471,-0.4529,-0.4438,-0.4701,-0.507,-0.4901,-0.4839,-0.5083,57.5,-0.4274,5.0,0.0326,1.16,426.4
San Diego,p2325,app_vol,avg,admit_rate,1027,-0.5471,-0.401,-0.2441,-0.3136,-0.4621,-0.5509,-0.5423,-0.5509,80.0,-0.2129,5.0,-0.0533,-2.07,426.4
Santa Barbara,p2325,upp,avg,admit_rate,1006,-0.4388,-0.2949,-0.2731,-0.3393,-0.4071,-0.2999,-0.2255,-0.4154,57.5,-0.1969,95.0,0.0581,1.84,417.7
Santa Barbara,p2325,sed,avg,admit_rate,1006,-0.4388,-0.3191,-0.2974,-0.3581,-0.4062,-0.2816,-0.2437,-0.4098,55.0,-0.2274,95.0,0.0679,2.14,417.7
Santa Barbara,p2325,el,avg,admit_rate,1006,-0.4388,-0.3219,-0.1761,-0.3405,-0.4601,-0.3127,-0.2321,-0.4806,40.0,-0.1083,5.0,-0.1118,-3.66,417.1
Santa Barbara,p2325,inc,avg,admit_rate,1000,-0.4386,-0.3329,-0.24,-0.2779,-0.3502,-0.5003,-0.4948,-0.5038,85.0,-0.2269,5.0,-0.0278,-0.99,415.2
Santa Barbara,p2325,pov,avg,admit_rate,1002,-0.4388,-0.4031,-0.4971,-0.453,-0.4349,-0.314,-0.2784,-0.5135,5.0,-0.2722,95.0,0.0265,0.92,416.1
Santa Barbara,p2325,ba,avg,admit_rate,1002,-0.4388,-0.2324,-0.2094,-0.2234,-0.3874,-0.2755,-0.221,-0.3891,52.5,-0.1936,95.0,0.0315,1.14,416.1
Santa Barbara,p2325,hs,avg,admit_rate,1002,-0.4388,-0.3955,-0.2485,-0.3111,-0.413,-0.3887,-0.386,-0.4153,55.0,-0.2205,5.0,-0.0455,-1.53,416.1
Santa Barbara,p2325,unemp,avg,admit_rate,1002,-0.4388,-0.423,-0.4835,-0.5052,-0.4417,-0.3581,-0.359,-0.5186,30.0,-0.3544,95.0,0.0051,0.18,416.1
Santa Barbara,p2325,homeval,avg,admit_rate,981,-0.4525,-0.2686,-0.2628,-0.2478,-0.3601,-0.3842,-0.3035,-0.4527,67.5,-0.2351,27.5,0.0991,3.87,407.3
Santa Barbara,p2325,rent,avg,admit_rate,996,-0.4417,-0.317,-0.2044,-0.2587,-0.3511,-0.5038,-0.5117,-0.5135,87.5,-0.1858,5.0,0.005,0.17,413.5
Santa Barbara,p2325,own,avg,admit_rate,1002,-0.4388,-0.4489,-0.3277,-0.3854,-0.4835,-0.5192,-0.5386,-0.5386,90.0,-0.2878,5.0,-0.093,-3.24,416.1
Santa Barbara,p2325,hisp,avg,admit_rate,1002,-0.4388,-0.3614,-0.3556,-0.4122,-0.4228,-0.2672,-0.1862,-0.4274,55.0,-0.1624,95.0,0.0402,1.35,416.1
Santa Barbara,p2325,white,avg,admit_rate,1002,-0.4388,-0.4301,-0.2787,-0.3495,-0.5257,-0.5031,-0.4456,-0.5595,62.5,-0.2474,5.0,-0.1132,-3.67,416.1
Santa Barbara,p2325,black,avg,admit_rate,1002,-0.4388,-0.4482,-0.4669,-0.4824,-0.4959,-0.3799,-0.3482,-0.5145,37.5,-0.3353,95.0,0.0654,2.3,415.6
Santa Barbara,p2325,asian,avg,admit_rate,1002,-0.4388,-0.3784,-0.2271,-0.2668,-0.4086,-0.5204,-0.4906,-0.5303,72.5,-0.214,5.0,-0.0294,-1.02,416.0
Santa Barbara,p2325,pop,avg,admit_rate,1005,-0.4389,-0.4446,-0.3438,-0.3867,-0.4331,-0.5056,-0.5457,-0.5583,95.0,-0.326,5.0,-0.094,-3.37,417.3
Santa Barbara,p2325,ses,avg,admit_rate,1002,-0.4388,-0.2748,-0.2067,-0.2578,-0.342,-0.4051,-0.3613,-0.4085,75.0,-0.1868,5.0,0.0188,0.68,416.1
Santa Barbara,p2325,app_rate_own,avg,admit_rate,1006,-0.4388,-0.1609,-0.2799,-0.2925,-0.3006,-0.2426,-0.1369,-0.3009,47.5,-0.0726,95.0,0.2219,8.69,417.7
Santa Barbara,p2325,app_rate_oth,avg,admit_rate,1006,-0.4388,-0.254,-0.3145,-0.371,-0.4345,-0.3245,-0.2214,-0.4368,55.0,-0.1705,95.0,0.2063,7.59,417.7
Santa Barbara,p2325,app_vol,avg,admit_rate,1006,-0.4388,-0.2763,-0.273,-0.3222,-0.2801,-0.2732,-0.2129,-0.3473,30.0,-0.1663,95.0,0.139,5.27,417.7
Santa Cruz,p2325,upp,avg,admit_rate,991,0.4461,0.014,0.0605,0.0936,0.2508,0.0701,0.0042,-0.0244,95.0,0.2508,50.0,0.1253,4.63,411.5
Santa Cruz,p2325,sed,avg,admit_rate,991,0.4461,0.0288,0.0666,0.1181,0.2785,0.1093,0.0115,-0.0275,95.0,0.2789,52.5,0.1409,5.13,411.5
Santa Cruz,p2325,el,avg,admit_rate,991,0.4461,0.298,0.2409,0.2442,0.2225,0.3639,0.3367,0.2207,52.5,0.3639,80.0,0.0715,2.4,411.0
Santa Cruz,p2325,inc,avg,admit_rate,985,0.4461,0.3564,0.3398,0.3688,0.4494,0.3985,0.3394,0.2929,95.0,0.4494,50.0,-0.1138,-4.18,409.0
Santa Cruz,p2325,pov,avg,admit_rate,987,0.4463,0.39,0.235,0.3367,0.4724,0.4091,0.3531,0.1916,5.0,0.4737,45.0,0.1117,3.97,409.8
Santa Cruz,p2325,ba,avg,admit_rate,987,0.4463,0.2989,0.2848,0.2947,0.3741,0.4013,0.2939,0.231,95.0,0.4334,70.0,-0.0988,-3.51,409.8
Santa Cruz,p2325,hs,avg,admit_rate,987,0.4463,0.2951,0.2253,0.2624,0.4339,0.2575,0.1467,0.1066,95.0,0.4346,47.5,-0.121,-4.28,409.8
Santa Cruz,p2325,unemp,avg,admit_rate,987,0.4463,0.4298,0.402,0.401,0.4457,0.4136,0.4045,0.3992,15.0,0.465,62.5,0.0489,1.72,409.8
Santa Cruz,p2325,homeval,avg,admit_rate,967,0.446,0.3901,0.4188,0.401,0.4215,0.3976,0.3454,0.3174,95.0,0.4259,57.5,-0.0954,-3.28,401.5
Santa Cruz,p2325,rent,avg,admit_rate,981,0.4416,0.3568,0.2903,0.3172,0.4521,0.3928,0.3525,0.2893,7.5,0.453,47.5,-0.0939,-3.26,407.3
Santa Cruz,p2325,own,avg,admit_rate,987,0.4463,0.4238,0.4105,0.4177,0.4542,0.4668,0.3763,0.3282,95.0,0.5036,70.0,-0.0812,-2.85,409.8
Santa Cruz,p2325,hisp,avg,admit_rate,987,0.4463,0.2919,0.2053,0.2965,0.4324,0.2632,0.2352,0.1659,5.0,0.4329,52.5,0.1095,3.82,409.8
Santa Cruz,p2325,white,avg,admit_rate,987,0.4463,0.3628,0.3916,0.434,0.4279,0.3079,0.2532,0.2283,95.0,0.4438,40.0,-0.0838,-2.93,409.8
Santa Cruz,p2325,black,avg,admit_rate,987,0.4463,0.4243,0.363,0.3949,0.4635,0.4327,0.4117,0.356,5.0,0.4729,42.5,0.0626,2.2,409.5
Santa Cruz,p2325,asian,avg,admit_rate,987,0.4463,0.4257,0.3157,0.3882,0.4951,0.4371,0.4339,0.2828,5.0,0.4972,47.5,-0.0836,-2.88,409.8
Santa Cruz,p2325,pop,avg,admit_rate,990,0.4471,0.4469,0.4334,0.4311,0.4576,0.4571,0.4408,0.4309,17.5,0.4644,70.0,-0.0143,-0.51,411.1
Santa Cruz,p2325,ses,avg,admit_rate,987,0.4463,0.3241,0.2939,0.3299,0.4329,0.362,0.2605,0.2051,95.0,0.4409,60.0,-0.112,-4.08,409.8
Santa Cruz,p2325,app_rate_own,avg,admit_rate,990,0.4478,0.4119,0.4062,0.4433,0.4207,0.4432,0.4215,0.3904,5.0,0.4699,32.5,-0.0806,-2.77,411.1
Santa Cruz,p2325,app_rate_oth,avg,admit_rate,990,0.4478,0.4404,0.4484,0.4656,0.4493,0.4481,0.43,0.4185,95.0,0.4658,22.5,-0.0685,-2.29,411.1
Santa Cruz,p2325,app_vol,avg,admit_rate,991,0.4461,0.3805,0.398,0.3911,0.3995,0.3116,0.2168,0.1742,95.0,0.4061,57.5,-0.0975,-3.44,411.5
Berkeley,p1619,upp,avg,admit_rate,743,0.0491,0.0865,0.2621,0.1919,-0.0094,0.042,0.0658,-0.0097,47.5,0.2661,5.0,-0.1467,-3.76,308.5
Berkeley,p1619,sed,avg,admit_rate,743,0.0491,0.0725,0.2564,0.1698,-0.028,0.0227,0.0523,-0.0307,45.0,0.2638,5.0,-0.1467,-3.74,308.5
Berkeley,p1619,el,avg,admit_rate,743,0.0491,-0.0043,0.0077,0.0398,-0.0062,-0.2044,-0.243,-0.2511,95.0,0.0859,35.0,-0.173,-4.78,308.4
Berkeley,p1619,inc,avg,admit_rate,740,0.0503,0.1153,0.0681,0.0767,0.0792,0.1615,0.227,0.0665,5.0,0.2602,95.0,0.0716,2.07,307.3
Berkeley,p1619,pov,avg,admit_rate,741,0.0491,0.0998,0.2244,0.1609,0.0479,0.0708,0.0619,0.0444,55.0,0.258,5.0,-0.0772,-2.16,307.7
Berkeley,p1619,ba,avg,admit_rate,741,0.0491,0.0752,0.1237,0.0499,-0.0071,0.1661,0.1935,-0.0071,50.0,0.1942,92.5,0.0516,1.4,307.7
Berkeley,p1619,hs,avg,admit_rate,741,0.0491,0.0903,0.0621,0.0147,-0.0328,0.1299,0.1482,-0.0328,50.0,0.1531,95.0,0.082,2.15,307.7
Berkeley,p1619,unemp,avg,admit_rate,741,0.0491,0.0763,0.1549,0.0967,0.044,0.0721,0.0695,0.0416,45.0,0.1811,5.0,-0.0389,-1.07,307.7
Berkeley,p1619,homeval,avg,admit_rate,735,0.0554,0.0889,0.1592,0.1819,0.0419,0.0806,0.1253,0.0243,60.0,0.1819,20.0,0.0105,0.29,305.2
Berkeley,p1619,rent,avg,admit_rate,740,0.0503,0.1243,0.1118,0.1002,0.0782,0.1618,0.2171,0.0689,57.5,0.2343,95.0,0.0552,1.54,307.2
Berkeley,p1619,own,avg,admit_rate,741,0.0491,0.0647,-0.0322,-0.0157,0.0929,0.0899,0.0854,-0.0322,10.0,0.1127,65.0,0.0635,1.76,307.7
Berkeley,p1619,hisp,avg,admit_rate,741,0.0491,0.09,0.0994,0.0944,0.0144,0.0217,0.1065,-0.045,65.0,0.1502,95.0,-0.0517,-1.38,307.7
Berkeley,p1619,white,avg,admit_rate,741,0.0491,0.0266,0.0033,-0.0077,0.0321,0.0786,0.0351,-0.0078,17.5,0.1302,67.5,0.0626,1.57,307.7
Berkeley,p1619,black,avg,admit_rate,741,0.0491,0.0522,0.0654,0.089,0.0528,0.019,0.0017,-0.0039,95.0,0.0908,22.5,-0.0372,-1.05,307.6
Berkeley,p1619,asian,avg,admit_rate,741,0.0491,0.1202,0.1602,0.1247,-0.019,0.1216,0.2075,-0.0377,57.5,0.2554,95.0,-0.0021,-0.06,307.7
Berkeley,p1619,pop,avg,admit_rate,742,0.0494,0.0498,0.0532,0.0249,0.1145,0.0081,0.0054,0.0007,85.0,0.1278,55.0,0.0006,0.02,308.1
Berkeley,p1619,ses,avg,admit_rate,741,0.0491,0.1147,0.1039,0.1301,0.0561,0.1326,0.2022,0.0539,55.0,0.2315,95.0,0.0591,1.7,307.7
Berkeley,p1619,app_rate_own,avg,admit_rate,742,0.0488,0.0253,-0.0705,-0.096,-0.0084,0.2053,0.1988,-0.0965,22.5,0.2113,85.0,0.118,3.16,308.1
Berkeley,p1619,app_rate_oth,avg,admit_rate,742,0.0488,0.0432,0.001,0.0058,-0.0256,0.0776,0.0793,-0.0385,42.5,0.08,87.5,0.0618,1.64,308.1
Berkeley,p1619,app_vol,avg,admit_rate,743,0.0491,0.1031,0.0849,0.083,0.2328,0.2272,0.2506,0.0819,17.5,0.256,95.0,0.2046,6.15,308.5
Davis,p1619,upp,avg,admit_rate,1048,-0.0589,-0.117,-0.1884,-0.1621,-0.1386,-0.0496,-0.0083,-0.1996,5.0,0.0148,95.0,0.0847,2.63,435.1
Davis,p1619,sed,avg,admit_rate,1048,-0.0589,-0.1167,-0.2053,-0.1893,-0.1143,-0.0508,-0.0288,-0.2057,7.5,-0.012,95.0,0.0857,2.64,435.1
Davis,p1619,el,avg,admit_rate,1048,-0.0589,-0.1449,-0.1961,-0.2056,-0.1656,-0.1166,-0.0977,-0.2061,22.5,-0.0843,95.0,-0.0108,-0.35,435.0
Davis,p1619,inc,avg,admit_rate,1045,-0.0611,0.0351,0.0851,0.0838,0.016,-0.0968,-0.1264,-0.1303,95.0,0.0864,5.0,-0.0595,-2.04,433.9
Davis,p1619,pov,avg,admit_rate,1046,-0.0591,-0.0104,-0.1245,-0.104,0.03,0.0125,0.0341,-0.1276,5.0,0.0554,95.0,0.0492,1.64,434.3
Davis,p1619,ba,avg,admit_rate,1046,-0.0591,0.0174,0.0334,0.0301,0.0175,-0.0277,-0.095,-0.1198,95.0,0.0396,32.5,-0.055,-1.79,434.3
Davis,p1619,hs,avg,admit_rate,1046,-0.0591,-0.0362,-0.0113,-0.0224,0.0127,-0.1163,-0.1149,-0.1181,82.5,0.0127,50.0,-0.0356,-1.13,434.3
Davis,p1619,unemp,avg,admit_rate,1046,-0.0591,-0.0321,-0.1451,-0.1193,-0.0646,0.0554,0.0511,-0.1549,5.0,0.0562,77.5,0.0739,2.39,434.3
Davis,p1619,homeval,avg,admit_rate,1034,-0.0596,0.0331,0.1191,0.1289,0.0114,-0.0439,-0.0491,-0.0629,95.0,0.1289,20.0,-0.0611,-1.98,429.4
Davis,p1619,rent,avg,admit_rate,1045,-0.0611,0.0528,0.1293,0.1216,0.0232,-0.0174,-0.05,-0.0717,95.0,0.1314,12.5,-0.03,-0.99,433.9
Davis,p1619,own,avg,admit_rate,1046,-0.0591,-0.0507,0.0211,-0.0,-0.0788,-0.0654,-0.0903,-0.1123,95.0,0.0302,5.0,-0.0514,-1.7,434.3
Davis,p1619,hisp,avg,admit_rate,1046,-0.0591,-0.0573,-0.1937,-0.1347,-0.0394,0.001,0.0463,-0.2171,5.0,0.0631,95.0,0.0541,1.69,434.3
Davis,p1619,white,avg,admit_rate,1046,-0.0591,-0.133,-0.0587,-0.0594,-0.1402,-0.1437,-0.1343,-0.1592,65.0,-0.0568,15.0,-0.017,-0.53,434.3
Davis,p1619,black,avg,admit_rate,1046,-0.0591,-0.0872,-0.1129,-0.129,-0.1619,0.0069,-0.0233,-0.197,40.0,0.0171,75.0,0.053,1.77,434.3
Davis,p1619,asian,avg,admit_rate,1046,-0.0591,0.0155,0.1457,0.0952,-0.0142,-0.0758,-0.0827,-0.0948,95.0,0.1727,5.0,-0.097,-3.32,434.3
Davis,p1619,pop,avg,admit_rate,1047,-0.0598,-0.0597,-0.0755,-0.0723,-0.049,-0.0457,-0.0611,-0.0793,5.0,-0.0403,72.5,0.0096,0.31,434.8
Davis,p1619,ses,avg,admit_rate,1046,-0.0591,0.0417,0.0676,0.0872,0.0468,-0.0794,-0.1113,-0.1223,95.0,0.1103,32.5,-0.064,-2.18,434.3
Davis,p1619,app_rate_own,avg,admit_rate,1044,-0.0581,-0.0399,-0.0651,-0.011,-0.0788,-0.0238,-0.0152,-0.1004,5.0,0.0044,27.5,0.001,0.03,433.5
Davis,p1619,app_rate_oth,avg,admit_rate,1043,-0.0567,0.0411,-0.034,-0.0224,0.0448,-0.0132,-0.0422,-0.0529,95.0,0.0488,57.5,0.027,0.88,433.1
Davis,p1619,app_vol,avg,admit_rate,1048,-0.0589,0.0724,0.111,0.1221,0.121,-0.0184,-0.0595,-0.0767,95.0,0.1222,47.5,-0.0122,-0.42,435.1
Irvine,p1619,upp,avg,admit_rate,964,0.3076,0.0137,-0.0175,0.0408,0.0383,0.1763,0.1585,-0.025,5.0,0.1768,82.5,0.1613,5.16,400.3
Irvine,p1619,sed,avg,admit_rate,964,0.3076,0.01,-0.0326,0.0107,0.059,0.1567,0.1662,-0.0328,7.5,0.1662,90.0,0.1639,5.25,400.3
Irvine,p1619,el,avg,admit_rate,964,0.3076,0.1552,0.0433,0.0443,0.1946,0.2274,0.2099,0.0339,15.0,0.2288,77.5,0.0776,2.49,400.1
Irvine,p1619,inc,avg,admit_rate,958,0.3077,0.2551,0.276,0.2621,0.3113,0.2286,0.1333,0.1014,95.0,0.3368,62.5,-0.0836,-2.78,397.8
Irvine,p1619,pov,avg,admit_rate,959,0.3073,0.2596,0.1976,0.2082,0.3184,0.2349,0.2454,0.1976,10.0,0.3184,50.0,0.0626,2.05,398.2
Irvine,p1619,ba,avg,admit_rate,959,0.3073,0.2559,0.2325,0.2199,0.305,0.2478,0.2098,0.1983,95.0,0.3133,60.0,-0.093,-2.96,398.2
Irvine,p1619,hs,avg,admit_rate,959,0.3073,0.1938,0.212,0.2335,0.307,0.1259,0.0708,0.0516,95.0,0.307,50.0,-0.122,-3.81,398.2
Irvine,p1619,unemp,avg,admit_rate,959,0.3073,0.291,0.2192,0.2459,0.2944,0.3415,0.3051,0.218,7.5,0.3549,72.5,0.0511,1.66,398.2
Irvine,p1619,homeval,avg,admit_rate,948,0.3007,0.3383,0.2426,0.2974,0.4269,0.3052,0.2287,0.2016,95.0,0.4269,50.0,-0.0468,-1.51,393.6
Irvine,p1619,rent,avg,admit_rate,958,0.3077,0.2867,0.2627,0.3017,0.3843,0.2574,0.2415,0.2298,95.0,0.3843,50.0,-0.0272,-0.87,397.8
Irvine,p1619,own,avg,admit_rate,959,0.3073,0.2715,0.2629,0.2896,0.2823,0.284,0.2811,0.2495,5.0,0.3049,32.5,-0.0199,-0.66,398.2
Irvine,p1619,hisp,avg,admit_rate,959,0.3073,0.1785,0.0948,0.1594,0.2564,0.2615,0.245,0.082,5.0,0.2726,40.0,0.1251,3.89,398.2
Irvine,p1619,white,avg,admit_rate,959,0.3073,0.2081,0.3236,0.3173,0.2644,0.0922,0.0295,0.0012,95.0,0.3266,5.0,-0.1421,-4.43,398.2
Irvine,p1619,black,avg,admit_rate,959,0.3073,0.2848,0.2245,0.2254,0.2572,0.3549,0.3842,0.2211,5.0,0.4001,95.0,0.0644,2.14,398.2
Irvine,p1619,asian,avg,admit_rate,959,0.3073,0.2921,0.3783,0.3378,0.2598,0.2834,0.3013,0.2552,42.5,0.3885,5.0,-0.0743,-2.47,398.2
Irvine,p1619,pop,avg,admit_rate,962,0.3071,0.308,0.309,0.329,0.358,0.26,0.279,0.2582,77.5,0.3581,47.5,-0.0066,-0.22,399.5
Irvine,p1619,ses,avg,admit_rate,959,0.3073,0.2668,0.2695,0.2568,0.3163,0.231,0.1795,0.1626,95.0,0.3283,57.5,-0.0804,-2.67,398.2
Irvine,p1619,app_rate_own,avg,admit_rate,961,0.319,0.3756,0.1413,0.1524,0.3832,0.5258,0.5804,0.1413,12.5,0.5943,95.0,0.11,3.87,399.0
Irvine,p1619,app_rate_oth,avg,admit_rate,961,0.319,0.4027,0.2714,0.3055,0.3813,0.4774,0.4783,0.255,5.0,0.4787,95.0,0.0094,0.31,399.0
Irvine,p1619,app_vol,avg,admit_rate,964,0.3076,0.3226,0.2249,0.2656,0.3576,0.4841,0.4557,0.2046,5.0,0.4841,80.0,0.1065,3.69,400.3
Los Angeles,p1619,upp,avg,admit_rate,796,0.0159,0.0061,0.0102,-0.0228,-0.0181,0.0308,0.089,-0.0628,32.5,0.12,95.0,-0.0168,-0.44,330.5
Los Angeles,p1619,sed,avg,admit_rate,796,0.0159,0.0076,-0.0027,-0.0408,-0.0134,0.0073,0.0832,-0.0669,30.0,0.1274,95.0,-0.0154,-0.4,330.5
Los Angeles,p1619,el,avg,admit_rate,796,0.0159,-0.0957,-0.0667,-0.0328,-0.0977,-0.2124,-0.2428,-0.2488,95.0,-0.0266,25.0,-0.1289,-3.66,330.4
Los Angeles,p1619,inc,avg,admit_rate,792,0.0141,0.1093,0.0913,0.0332,0.1315,0.0949,0.0994,0.028,25.0,0.1341,52.5,0.0265,0.78,328.9
Los Angeles,p1619,pov,avg,admit_rate,793,0.0153,0.0794,0.1708,0.1494,0.0533,0.0556,0.0877,0.0437,65.0,0.1782,5.0,-0.0288,-0.82,329.3
Los Angeles,p1619,ba,avg,admit_rate,793,0.0153,0.0846,0.143,0.1426,0.0565,0.0277,0.014,0.0139,87.5,0.1452,12.5,-0.0045,-0.13,329.3
Los Angeles,p1619,hs,avg,admit_rate,793,0.0153,0.0605,0.1049,0.0729,-0.0339,0.0452,0.0494,-0.0354,52.5,0.1205,5.0,0.0188,0.5,329.3
Los Angeles,p1619,unemp,avg,admit_rate,793,0.0153,0.0836,0.0619,0.0587,0.0599,0.1143,0.1052,0.0416,35.0,0.1224,72.5,0.0047,0.14,329.3
Los Angeles,p1619,homeval,avg,admit_rate,783,0.0139,0.0791,0.1736,0.1955,0.0908,-0.0102,0.0116,-0.0121,75.0,0.2047,27.5,-0.0176,-0.5,325.1
Los Angeles,p1619,rent,avg,admit_rate,792,0.0141,0.1228,0.154,0.116,0.0721,0.1361,0.1415,0.0684,55.0,0.1678,5.0,0.0184,0.53,328.9
Los Angeles,p1619,own,avg,admit_rate,793,0.0153,0.0462,0.0398,0.017,0.0177,0.077,0.1047,0.0145,25.0,0.1201,95.0,0.0131,0.37,329.3
Los Angeles,p1619,hisp,avg,admit_rate,793,0.0153,0.0382,-0.0481,-0.0261,-0.0331,0.1157,0.1567,-0.0564,5.0,0.1753,95.0,0.0413,1.11,329.3
Los Angeles,p1619,white,avg,admit_rate,793,0.0153,-0.0235,0.0234,-0.0138,-0.0221,-0.0486,-0.0133,-0.0547,75.0,0.0504,5.0,0.0223,0.57,329.3
Los Angeles,p1619,black,avg,admit_rate,793,0.0153,0.0324,0.0056,0.0099,-0.0516,0.0907,0.1212,-0.0574,45.0,0.1321,95.0,0.0386,1.1,329.3
Los Angeles,p1619,asian,avg,admit_rate,793,0.0153,0.109,0.1466,0.126,0.1348,0.0185,0.0152,0.0119,85.0,0.1624,5.0,-0.0646,-1.92,329.3
Los Angeles,p1619,pop,avg,admit_rate,795,0.0155,0.0156,0.0896,0.0617,0.0266,-0.0484,-0.0253,-0.0608,72.5,0.0969,5.0,-0.0492,-1.38,330.1
Los Angeles,p1619,ses,avg,admit_rate,793,0.0153,0.1277,0.1659,0.1515,0.0854,0.0604,0.0752,0.0604,80.0,0.1719,5.0,0.0118,0.35,329.3
Los Angeles,p1619,app_rate_own,avg,admit_rate,794,0.0211,0.0671,0.0526,0.0539,0.0662,0.0163,0.0118,0.0064,95.0,0.0717,55.0,0.0182,0.48,329.7
Los Angeles,p1619,app_rate_oth,avg,admit_rate,794,0.0211,0.0714,0.0281,0.0453,-0.0227,0.0983,0.1026,-0.0243,52.5,0.1051,85.0,0.0299,0.81,329.7
Los Angeles,p1619,app_vol,avg,admit_rate,796,0.0159,0.1629,0.0886,0.0728,0.2835,0.2135,0.1927,0.0717,22.5,0.2852,52.5,0.133,4.23,330.5
Merced,p1619,upp,avg,admit_rate,876,0.5188,0.1396,0.3197,0.3088,0.2329,0.214,0.2013,0.1947,95.0,0.3208,5.0,0.053,1.87,363.7
Merced,p1619,sed,avg,admit_rate,876,0.5188,0.1465,0.3106,0.3089,0.259,0.2179,0.2043,0.1941,95.0,0.3106,10.0,0.0574,2.0,363.7
Merced,p1619,el,avg,admit_rate,876,0.5188,0.4049,0.4738,0.4569,0.3206,0.4123,0.4323,0.3182,47.5,0.4763,5.0,0.0512,1.74,363.7
Merced,p1619,inc,avg,admit_rate,873,0.5188,0.3942,0.3786,0.3362,0.4107,0.5034,0.5345,0.3304,25.0,0.5409,95.0,-0.0257,-0.93,362.5
Merced,p1619,pov,avg,admit_rate,873,0.5188,0.4465,0.5195,0.5099,0.4585,0.3148,0.3673,0.3135,77.5,0.5201,7.5,0.0251,0.89,362.5
Merced,p1619,ba,avg,admit_rate,873,0.5188,0.4162,0.3063,0.319,0.4411,0.5367,0.5661,0.3014,5.0,0.5727,95.0,0.0161,0.55,362.5
Merced,p1619,hs,avg,admit_rate,873,0.5188,0.3977,0.3419,0.3424,0.4174,0.5104,0.5113,0.3351,5.0,0.5161,85.0,-0.0229,-0.77,362.5
Merced,p1619,unemp,avg,admit_rate,873,0.5188,0.492,0.5151,0.5219,0.5115,0.4299,0.402,0.396,95.0,0.5264,27.5,-0.0087,-0.29,362.5
Merced,p1619,homeval,avg,admit_rate,861,0.5138,0.4754,0.3433,0.3762,0.5358,0.5557,0.558,0.3368,5.0,0.5589,87.5,0.058,1.94,357.5
Merced,p1619,rent,avg,admit_rate,873,0.5188,0.4416,0.334,0.3451,0.5008,0.5536,0.5599,0.334,10.0,0.5602,87.5,0.0307,1.05,362.5
Merced,p1619,own,avg,admit_rate,873,0.5188,0.4767,0.4942,0.4713,0.4284,0.5445,0.5774,0.4278,52.5,0.5818,95.0,-0.0342,-1.22,362.5
Merced,p1619,hisp,avg,admit_rate,873,0.5188,0.3933,0.5433,0.4905,0.4028,0.336,0.3119,0.2965,95.0,0.5632,5.0,0.0088,0.3,362.5
Merced,p1619,white,avg,admit_rate,873,0.5188,0.4235,0.4111,0.4104,0.4801,0.3935,0.4417,0.3883,75.0,0.4808,47.5,-0.0385,-1.3,362.5
Merced,p1619,black,avg,admit_rate,873,0.5188,0.4934,0.523,0.5183,0.4685,0.4731,0.5005,0.4586,40.0,0.5248,12.5,0.0426,1.5,362.4
Merced,p1619,asian,avg,admit_rate,873,0.5188,0.4854,0.3822,0.4167,0.5514,0.4919,0.5008,0.3756,5.0,0.5525,47.5,-0.061,-2.1,362.5
Merced,p1619,pop,avg,admit_rate,874,0.5188,0.5198,0.4792,0.4825,0.5399,0.5758,0.5587,0.4742,5.0,0.5778,75.0,-0.0049,-0.17,362.9
Merced,p1619,ses,avg,admit_rate,873,0.5188,0.4115,0.3721,0.3337,0.4359,0.4897,0.5112,0.3233,27.5,0.5211,95.0,-0.0008,-0.03,362.5
Merced,p1619,app_rate_own,avg,admit_rate,873,0.5189,0.4677,0.4403,0.4771,0.478,0.4476,0.4322,0.4161,5.0,0.4916,60.0,0.0242,0.81,362.5
Merced,p1619,app_rate_oth,avg,admit_rate,873,0.5189,0.5482,0.311,0.3343,0.4906,0.685,0.6987,0.3009,5.0,0.6988,92.5,0.1316,4.6,362.5
Merced,p1619,app_vol,avg,admit_rate,876,0.5188,0.5253,0.5559,0.5317,0.4366,0.5694,0.5884,0.4361,47.5,0.5905,95.0,-0.0248,-0.91,363.7
Riverside,p1619,upp,avg,admit_rate,867,0.6987,0.214,0.4757,0.4763,0.4084,0.2467,0.2009,0.1889,95.0,0.4782,5.0,-0.0242,-1.2,360.0
Riverside,p1619,sed,avg,admit_rate,867,0.6987,0.2372,0.4742,0.4744,0.4491,0.2423,0.1986,0.1961,95.0,0.4782,32.5,-0.0233,-1.14,360.0
Riverside,p1619,el,avg,admit_rate,867,0.6987,0.5872,0.5566,0.6091,0.6297,0.5937,0.5854,0.5345,5.0,0.6652,35.0,0.0559,2.25,359.9
Riverside,p1619,inc,avg,admit_rate,860,0.7033,0.5613,0.4685,0.4713,0.6135,0.6877,0.7161,0.4657,15.0,0.7265,95.0,0.0498,2.27,357.1
Riverside,p1619,pov,avg,admit_rate,861,0.7016,0.6305,0.7409,0.7196,0.6318,0.4782,0.4805,0.4746,85.0,0.7425,7.5,-0.0704,-3.15,357.5
Riverside,p1619,ba,avg,admit_rate,861,0.7016,0.5364,0.3232,0.3666,0.5878,0.7087,0.725,0.3178,5.0,0.7288,95.0,0.0948,4.07,357.5
Riverside,p1619,hs,avg,admit_rate,861,0.7016,0.5613,0.3381,0.3838,0.639,0.6696,0.6509,0.3263,5.0,0.6771,67.5,0.0482,2.06,357.5
Riverside,p1619,unemp,avg,admit_rate,861,0.7016,0.6631,0.7208,0.7327,0.6771,0.5637,0.512,0.4982,95.0,0.7353,25.0,-0.0927,-3.86,357.5
Riverside,p1619,homeval,avg,admit_rate,848,0.6995,0.6218,0.5031,0.5039,0.6314,0.7319,0.7338,0.4993,5.0,0.7341,87.5,0.1152,4.7,352.1
Riverside,p1619,rent,avg,admit_rate,860,0.7033,0.5998,0.4307,0.484,0.6488,0.7249,0.754,0.4135,5.0,0.7641,95.0,0.0895,3.8,357.1
Riverside,p1619,own,avg,admit_rate,861,0.7016,0.671,0.5759,0.6,0.6744,0.7406,0.7534,0.5747,7.5,0.7581,95.0,0.0405,1.79,357.5
Riverside,p1619,hisp,avg,admit_rate,861,0.7016,0.5562,0.71,0.6991,0.6158,0.391,0.3333,0.3016,95.0,0.7129,5.0,-0.0794,-3.32,357.5
Riverside,p1619,white,avg,admit_rate,861,0.7016,0.611,0.4835,0.5647,0.7134,0.6391,0.6288,0.4445,5.0,0.7136,47.5,0.0295,1.24,357.5
Riverside,p1619,black,avg,admit_rate,861,0.7016,0.6864,0.735,0.7418,0.7073,0.605,0.5909,0.5873,95.0,0.7418,20.0,-0.0941,-4.02,357.5
Riverside,p1619,asian,avg,admit_rate,861,0.7016,0.6658,0.4592,0.5463,0.6508,0.7526,0.7798,0.4189,5.0,0.7935,95.0,0.0579,2.44,357.5
Riverside,p1619,pop,avg,admit_rate,865,0.6989,0.6997,0.6503,0.6714,0.7034,0.7451,0.7591,0.6374,5.0,0.7641,95.0,0.006,0.24,359.2
Riverside,p1619,ses,avg,admit_rate,861,0.7016,0.5498,0.409,0.415,0.6021,0.691,0.7065,0.4063,12.5,0.7108,95.0,0.0813,3.65,357.5
Riverside,p1619,app_rate_own,avg,admit_rate,864,0.7017,0.7043,0.6746,0.7072,0.7482,0.6877,0.6838,0.6588,5.0,0.7559,42.5,-0.0332,-1.43,358.8
Riverside,p1619,app_rate_oth,avg,admit_rate,864,0.7017,0.6802,0.5989,0.6284,0.6599,0.7492,0.7535,0.5781,5.0,0.7535,90.0,0.0332,1.32,358.8
Riverside,p1619,app_vol,avg,admit_rate,867,0.6987,0.6752,0.5557,0.5856,0.6554,0.7962,0.8354,0.5495,5.0,0.8468,95.0,0.0882,3.69,359.9
San Diego,p1619,upp,avg,admit_rate,935,-0.0789,0.1031,0.0122,0.0335,-0.0478,0.1915,0.265,-0.0492,52.5,0.2928,95.0,0.1069,3.16,388.2
San Diego,p1619,sed,avg,admit_rate,935,-0.0789,0.0961,0.0217,0.0128,-0.0228,0.1612,0.2394,-0.0258,52.5,0.2684,95.0,0.0804,2.38,388.2
San Diego,p1619,el,avg,admit_rate,935,-0.0789,-0.0753,-0.0307,-0.1048,-0.1313,-0.073,-0.0234,-0.1484,32.5,0.001,5.0,-0.0273,-0.82,388.1
San Diego,p1619,inc,avg,admit_rate,930,-0.0766,0.0326,0.1551,0.1302,0.0243,-0.1226,-0.1156,-0.1257,82.5,0.1551,10.0,-0.0992,-3.18,386.2
San Diego,p1619,pov,avg,admit_rate,931,-0.0772,-0.0348,-0.1403,-0.1386,-0.0204,0.1028,0.101,-0.1438,15.0,0.1039,82.5,0.0989,3.12,386.6
San Diego,p1619,ba,avg,admit_rate,931,-0.0772,0.0688,0.2378,0.1571,0.0134,-0.0689,-0.0859,-0.0859,90.0,0.2705,5.0,-0.1256,-3.97,386.6
San Diego,p1619,hs,avg,admit_rate,931,-0.0772,0.006,0.2126,0.1503,-0.0241,-0.1063,-0.1098,-0.1127,85.0,0.2309,5.0,-0.105,-3.14,386.6
San Diego,p1619,unemp,avg,admit_rate,931,-0.0772,-0.0195,-0.0955,-0.1051,0.0083,0.0427,0.0504,-0.1052,22.5,0.0506,92.5,0.07,2.19,386.5
San Diego,p1619,homeval,avg,admit_rate,921,-0.0749,0.0623,0.1565,0.1412,0.0689,-0.0866,-0.1125,-0.1188,95.0,0.1595,5.0,-0.1186,-3.71,382.4
San Diego,p1619,rent,avg,admit_rate,930,-0.0766,0.0183,0.1728,0.1303,-0.0233,-0.0807,-0.109,-0.1274,95.0,0.1739,7.5,-0.0961,-2.97,386.1
San Diego,p1619,own,avg,admit_rate,931,-0.0772,-0.0618,0.0152,0.0185,-0.0588,-0.1244,-0.1794,-0.206,95.0,0.0185,20.0,-0.077,-2.39,386.6
San Diego,p1619,hisp,avg,admit_rate,931,-0.0772,0.0192,-0.0606,-0.0356,-0.0412,0.1556,0.2194,-0.0741,5.0,0.2408,95.0,0.1096,3.29,386.6
San Diego,p1619,white,avg,admit_rate,931,-0.0772,-0.0313,0.1459,0.0474,-0.1719,-0.0551,-0.0265,-0.1719,50.0,0.1937,5.0,-0.0847,-2.44,386.6
San Diego,p1619,black,avg,admit_rate,931,-0.0772,-0.0595,-0.1373,-0.1683,-0.1464,0.089,0.1237,-0.2016,35.0,0.1418,95.0,0.1118,3.5,386.6
San Diego,p1619,asian,avg,admit_rate,931,-0.0772,-0.0298,0.1849,0.0357,-0.0537,-0.1357,-0.1434,-0.1489,95.0,0.2411,5.0,-0.1106,-3.52,386.6
San Diego,p1619,pop,avg,admit_rate,933,-0.0781,-0.0772,-0.1058,-0.0935,-0.0037,-0.1449,-0.1068,-0.1449,80.0,-0.0011,52.5,0.0013,0.04,387.4
San Diego,p1619,ses,avg,admit_rate,931,-0.0772,0.0624,0.1594,0.1394,0.0219,-0.0729,-0.0798,-0.0823,87.5,0.1651,5.0,-0.0971,-3.16,386.6
San Diego,p1619,app_rate_own,avg,admit_rate,933,-0.0799,-0.027,-0.0164,-0.0204,-0.0198,-0.0501,-0.0634,-0.0753,95.0,-0.0161,12.5,-0.0033,-0.1,387.4
San Diego,p1619,app_rate_oth,avg,admit_rate,933,-0.0799,-0.016,-0.0674,-0.0428,-0.0231,-0.048,-0.0766,-0.0874,95.0,0.015,35.0,0.0026,0.08,387.4
San Diego,p1619,app_vol,avg,admit_rate,935,-0.0789,0.0024,0.1819,0.1174,-0.0737,-0.224,-0.2302,-0.2304,87.5,0.1965,5.0,-0.0767,-2.46,388.2
Santa Barbara,p1619,upp,avg,admit_rate,980,-0.1137,-0.3287,-0.0926,-0.2691,-0.3659,-0.2451,-0.2636,-0.39,40.0,0.0176,5.0,0.1144,3.68,406.9
Santa Barbara,p1619,sed,avg,admit_rate,980,-0.1137,-0.3306,-0.121,-0.2927,-0.3695,-0.1932,-0.2361,-0.3863,40.0,-0.0086,5.0,0.1155,3.7,406.9
Santa Barbara,p1619,el,avg,admit_rate,980,-0.1137,-0.1787,-0.1795,-0.1902,-0.2553,-0.0372,0.0034,-0.2629,45.0,0.0183,95.0,0.0958,2.94,406.8
Santa Barbara,p1619,inc,avg,admit_rate,975,-0.1097,-0.1256,-0.0819,-0.1087,-0.1445,-0.1976,-0.035,-0.2354,72.5,0.0615,95.0,-0.0117,-0.38,404.8
Santa Barbara,p1619,pov,avg,admit_rate,976,-0.1111,-0.1509,-0.1237,-0.1653,-0.1814,-0.1304,-0.1047,-0.1877,45.0,-0.0836,95.0,0.0259,0.82,405.3
Santa Barbara,p1619,ba,avg,admit_rate,976,-0.1111,-0.0785,-0.1275,-0.1032,-0.177,0.015,0.2129,-0.1896,60.0,0.2967,95.0,0.0527,1.63,405.3
Santa Barbara,p1619,hs,avg,admit_rate,976,-0.1111,-0.2456,-0.1832,-0.1724,-0.2721,-0.1597,-0.0415,-0.3058,60.0,0.0201,95.0,-0.0334,-1.04,405.2
Santa Barbara,p1619,unemp,avg,admit_rate,976,-0.1111,-0.0827,-0.0357,-0.0824,-0.1049,-0.0893,-0.0956,-0.1053,47.5,-0.017,5.0,-0.0276,-0.86,405.2
Santa Barbara,p1619,homeval,avg,admit_rate,966,-0.1162,-0.0176,-0.0097,-0.0252,-0.0381,0.0595,0.2152,-0.0769,62.5,0.2884,95.0,0.1345,4.29,401.1
Santa Barbara,p1619,rent,avg,admit_rate,975,-0.1097,-0.0708,-0.04,-0.0516,-0.0918,-0.1254,-0.0195,-0.169,70.0,0.0319,95.0,0.0555,1.7,404.8
Santa Barbara,p1619,own,avg,admit_rate,976,-0.1111,-0.1682,-0.0545,-0.0888,-0.2034,-0.2093,-0.1887,-0.2118,75.0,-0.0377,5.0,-0.074,-2.43,405.3
Santa Barbara,p1619,hisp,avg,admit_rate,976,-0.1111,-0.2355,-0.1282,-0.1753,-0.2749,-0.1554,-0.1421,-0.2921,42.5,-0.1106,5.0,0.0239,0.74,405.3
Santa Barbara,p1619,white,avg,admit_rate,976,-0.1111,-0.2478,-0.1123,-0.1114,-0.2637,-0.3281,-0.3087,-0.3534,70.0,-0.1078,15.0,-0.165,-5.23,405.3
Santa Barbara,p1619,black,avg,admit_rate,976,-0.1111,-0.1489,-0.0913,-0.1307,-0.1679,-0.1473,-0.1291,-0.1932,37.5,-0.0779,5.0,-0.0009,-0.03,405.2
Santa Barbara,p1619,asian,avg,admit_rate,976,-0.1111,-0.08,-0.0076,-0.0725,-0.1858,-0.0668,0.0113,-0.1858,50.0,0.0558,95.0,0.0215,0.69,405.3
Santa Barbara,p1619,pop,avg,admit_rate,978,-0.1127,-0.1125,-0.0702,-0.0792,-0.0726,-0.1461,-0.1781,-0.1995,95.0,-0.0702,10.0,-0.042,-1.32,406.1
Santa Barbara,p1619,ses,avg,admit_rate,976,-0.1111,-0.0872,-0.0854,-0.0804,-0.1347,-0.09,0.1167,-0.2018,67.5,0.2161,95.0,0.0313,1.0,405.2
Santa Barbara,p1619,app_rate_own,avg,admit_rate,977,-0.1161,0.0404,-0.125,-0.1612,-0.1224,0.1975,0.3136,-0.2049,35.0,0.3454,95.0,0.2751,9.79,405.7
Santa Barbara,p1619,app_rate_oth,avg,admit_rate,977,-0.1161,0.0076,-0.249,-0.288,-0.2085,0.156,0.2804,-0.3047,27.5,0.3241,95.0,0.2983,10.89,405.7
Santa Barbara,p1619,app_vol,avg,admit_rate,980,-0.1137,-0.0662,-0.1638,-0.1545,-0.054,0.1951,0.3603,-0.164,12.5,0.4246,95.0,0.2158,7.18,406.8
Santa Cruz,p1619,upp,avg,admit_rate,925,0.512,-0.0073,0.2796,0.2134,0.1096,0.0982,0.0865,0.0675,95.0,0.3131,5.0,0.0426,1.73,384.1
Santa Cruz,p1619,sed,avg,admit_rate,925,0.512,-0.0001,0.2874,0.198,0.1383,0.0907,0.0615,0.0468,95.0,0.3273,5.0,0.0453,1.83,384.1
Santa Cruz,p1619,el,avg,admit_rate,925,0.512,0.3024,0.2703,0.3177,0.3685,0.239,0.1961,0.1838,95.0,0.3686,47.5,0.0195,0.71,383.9
Santa Cruz,p1619,inc,avg,admit_rate,920,0.5132,0.4003,0.4004,0.4019,0.4332,0.4339,0.4423,0.4004,12.5,0.4518,95.0,-0.0318,-1.18,382.0
Santa Cruz,p1619,pov,avg,admit_rate,921,0.5118,0.4529,0.4504,0.441,0.4444,0.4073,0.3808,0.3808,90.0,0.4668,65.0,0.0304,1.11,382.4
Santa Cruz,p1619,ba,avg,admit_rate,921,0.5118,0.3295,0.2588,0.2782,0.3798,0.431,0.4467,0.2588,10.0,0.4477,92.5,-0.0148,-0.55,382.4
Santa Cruz,p1619,hs,avg,admit_rate,921,0.5118,0.3247,0.2702,0.2552,0.3984,0.369,0.3936,0.2552,20.0,0.3984,50.0,-0.0542,-2.07,382.4
Santa Cruz,p1619,unemp,avg,admit_rate,921,0.5118,0.4752,0.4498,0.462,0.508,0.4877,0.4457,0.4233,95.0,0.5236,62.5,0.0167,0.59,382.4
Santa Cruz,p1619,homeval,avg,admit_rate,909,0.5104,0.4308,0.3973,0.4488,0.4977,0.3886,0.4314,0.3677,5.0,0.4997,47.5,-0.0186,-0.65,377.4
Santa Cruz,p1619,rent,avg,admit_rate,920,0.5132,0.4378,0.4304,0.4296,0.4496,0.5056,0.5191,0.4216,5.0,0.5191,90.0,-0.0127,-0.45,382.0
Santa Cruz,p1619,own,avg,admit_rate,921,0.5118,0.4869,0.4519,0.4884,0.4681,0.5113,0.5248,0.4352,5.0,0.535,95.0,0.0046,0.16,382.4
Santa Cruz,p1619,hisp,avg,admit_rate,921,0.5118,0.3053,0.37,0.344,0.3764,0.3152,0.3062,0.3057,92.5,0.3794,52.5,0.0742,2.84,382.4
Santa Cruz,p1619,white,avg,admit_rate,921,0.5118,0.4022,0.3831,0.4007,0.4208,0.4343,0.4612,0.3673,5.0,0.4823,95.0,0.0039,0.14,382.4
Santa Cruz,p1619,black,avg,admit_rate,921,0.5118,0.5152,0.643,0.6347,0.538,0.424,0.4307,0.4239,82.5,0.6435,12.5,-0.0922,-3.37,382.4
Santa Cruz,p1619,asian,avg,admit_rate,921,0.5118,0.5055,0.5263,0.536,0.4881,0.465,0.4541,0.4527,95.0,0.5412,27.5,-0.0986,-3.57,382.4
Santa Cruz,p1619,pop,avg,admit_rate,924,0.512,0.5137,0.4388,0.4526,0.5228,0.579,0.5862,0.4272,5.0,0.5872,95.0,0.0471,1.63,383.7
Santa Cruz,p1619,ses,avg,admit_rate,921,0.5118,0.3758,0.3621,0.3941,0.4101,0.388,0.402,0.3514,5.0,0.425,37.5,-0.0333,-1.24,382.4
Santa Cruz,p1619,app_rate_own,avg,admit_rate,922,0.5109,0.5076,0.3463,0.3472,0.5319,0.5953,0.592,0.3418,15.0,0.5961,82.5,0.051,1.73,382.8
Santa Cruz,p1619,app_rate_oth,avg,admit_rate,922,0.5109,0.533,0.4629,0.4463,0.5047,0.6202,0.6153,0.4306,30.0,0.6219,82.5,0.0317,1.13,382.8
Santa Cruz,p1619,app_vol,avg,admit_rate,925,0.512,0.4623,0.4087,0.427,0.5205,0.5443,0.4995,0.4049,5.0,0.5657,67.5,0.0809,2.96,384.1
